"Reservation ID","Guest","Vehicle","Vehicle name","Vehicle id","VIN","Trip start","Trip end","Pickup location","Return location","Trip status","Check-in odometer","Check-out odometer","Distance traveled","Trip days","Trip price","Boost price","3-day discount","1-week discount","2-week discount","3-week discount","1-month discount","2-month discount","3-month discount","Non-refundable discount","Early bird discount","Host promotional credit","Delivery","Excess distance","Extras","Cancellation fee","Additional usage","Late fee","Improper return fee","Airport operations fee","Airport parking credit","Tolls & tickets","On-trip EV charging","Post-trip EV charging","Smoking","Cleaning","Fines (paid to host)","Gas reimbursement","Gas fee","Other fees","Sales tax","Total earnings"
"47612193","Gary L.","#3 CR-V CSJ1646 (WA #CSJ1646)","Honda CR-V 2025","3148718","2HKRS4H21SH443987","2026-02-27 03:00 PM","2026-03-13 04:00 PM","17801 International Boulevard, Seattle, WA 98158","17801 International Boulevard, Seattle, WA 98158","Completed","23997","24866","869","15","$771.30","$0.00","$0.00","$0.00","- $154.26","$0.00","$0.00","$0.00","$0.00","$0.00","$0.00","$0.00","$27.00","$0.00","$0.00","$0.00","$0.00","$0.00","$0.00","$0.00","$0.00","$296.80","$0.00","$0.00","$0.00","$0.00","$0.00","$0.00","$0.00","$0.00","$0.00","$940.84"
"48389982","Roslyn B.","#1 Bronco Sport CSD5744 (WA #CSD5744)","Ford Bronco Sport 2024","3090505","3FMCR9B67RRF51219","2026-06-27 10:00 AM","2026-06-30 10:00 AM","17801 International Boulevard, Seattle, WA 98158","17801 International Boulevard, Seattle, WA 98158","Completed","33931","34194","263","3","$297.00","$0.00","- $29.70","$0.00","$0.00","$0.00","$0.00","$0.00","$0.00","$0.00","$0.00","$0.00","$0.00","$0.00","$0.00","$0.00","$0.00","$0.00","$0.00","$0.00","$0.00","$0.00","$0.00","$0.00","$0.00","$0.00","$0.00","$0.00","$0.00","$0.00","$0.00","$267.30"
"49815975","Joshua B.","#2 Bronco Sport CTD5399 (WA #CTD5399)","Ford Bronco Sport 2025","3144760","3FMCR9BN3SRE66889","2025-12-22 05:30 PM","2026-01-02 07:00 AM","17801 International Boulevard, Seattle, WA 98158","17801 International Boulevard, Seattle, WA 98158","Completed","19790","20398","608","11","$804.60","$0.00","$0.00","- $120.69","$0.00","$0.00","$0.00","$0.00","$0.00","$0.00","$0.00","$0.00","$0.00","$0.00","$0.00","$0.00","$0.00","$0.00","$0.00","$0.00","$0.00","$0.00","$0.00","$0.00","$0.00","$0.00","$0.00","$0.00","$0.00","$0.00","$0.00","$683.91"
"50500034","Rona S.","#8 Ascent CMW9721 (WA #CMW9721)","Subaru Ascent 2024","3344650","4S4WMAND8R3441754","2025-12-27 02:30 PM","2026-01-03 10:30 AM","17801 International Boulevard, Seattle, WA 98158","17801 International Boulevard, Seattle, WA 98158","Completed","35761","36235","474","7","$459.00","$0.00","$0.00","- $68.85","$0.00","$0.00","$0.00","$0.00","$0.00","$0.00","$0.00","$0.00","$0.00","$0.00","$27.00","$0.00","$0.00","$0.00","$0.00","$0.00","$0.00","$0.00","$0.00","$0.00","$0.00","$0.00","$0.00","$0.00","$0.00","$0.00","$0.00","$417.15"
"50571497","Mark C.","#7 CX-50 CGX2490 (WA #CGX2490)","Mazda CX-50 2023","3420258","7MMVABAM8PN145820","2025-12-28 02:00 PM","2026-01-03 09:30 AM","17801 International Boulevard, Seattle, WA 98158","17801 International Boulevard, Seattle, WA 98158","Completed","62901","63165","264","6","$267.30","$0.00","- $26.73","$0.00","$0.00","$0.00","$0.00","$0.00","$0.00","$0.00","$0.00","$0.00","$0.00","$0.00","$0.00","$0.00","$0.00","$0.00","$0.00","$0.00","$0.00","$0.00","$0.00","$0.00","$0.00","$0.00","$0.00","$0.00","$0.00","$0.00","$0.00","$240.57"
"50596766","Misty W.","#2 Bronco Sport CTD5399 (WA #CTD5399)","Ford Bronco Sport 2025","3144760","3FMCR9BN3SRE66889","2026-02-08 10:00 AM","2026-02-12 05:00 PM","17801 International Boulevard, Seattle, WA 98158","17801 International Boulevard, Seattle, WA 98158","Completed","22795","23211","416","5","$243.00","$0.00","- $24.30","$0.00","$0.00","$0.00","$0.00","$0.00","$0.00","$0.00","$0.00","$0.00","$0.00","$0.00","$27.00","$0.00","$0.00","$0.00","$0.00","$0.00","$0.00","$3.95","$0.00","$0.00","$0.00","$0.00","$0.00","$0.00","$0.00","$0.00","$0.00","$249.65"
"50620591","Susan W.","#5 CX-30 CPR8911 (WA #CPR8911)","Mazda CX-30 2025","3090357","3MVDMBBM1SM805876","2025-12-29 11:00 AM","2026-01-06 11:00 AM","17801 International Boulevard, Seattle, WA 98158","17801 International Boulevard, Seattle, WA 98158","Guest cancellation","","","","8","$0.00","$0.00","$0.00","$0.00","$0.00","$0.00","$0.00","$0.00","$0.00","$0.00","$0.00","$0.00","$0.00","$0.00","$0.00","$0.00","$0.00","$0.00","$0.00","$0.00","$0.00","$0.00","$0.00","$0.00","$0.00","$0.00","$0.00","$0.00","$0.00","$0.00","$0.00","$0.00"
"50711537","Toni W.","#2 Bronco Sport CTD5399 (WA #CTD5399)","Ford Bronco Sport 2025","3144760","3FMCR9BN3SRE66889","2026-01-22 09:00 PM","2026-01-25 10:00 AM","17801 International Boulevard, Seattle, WA 98158","17801 International Boulevard, Seattle, WA 98158","Completed","21628","21723","95","3","$153.90","$0.00","- $15.39","$0.00","$0.00","$0.00","$0.00","$0.00","$0.00","$0.00","$0.00","$0.00","$0.00","$0.00","$0.00","$0.00","$0.00","$0.00","$0.00","$0.00","$0.00","$0.00","$0.00","$0.00","$0.00","$0.00","$0.00","$0.00","$0.00","$0.00","$0.00","$138.51"
"50815692","JEAN-JACQUES L.","#3 CR-V CSJ1646 (WA #CSJ1646)","Honda CR-V 2025","3148718","2HKRS4H21SH443987","2026-01-14 07:00 PM","2026-01-20 11:00 AM","17801 International Boulevard, Seattle, WA 98158","17801 International Boulevard, Seattle, WA 98158","Guest cancellation","","","","6","$0.00","$0.00","$0.00","$0.00","$0.00","$0.00","$0.00","$0.00","$0.00","$0.00","$0.00","$0.00","$0.00","$0.00","$0.00","$0.00","$0.00","$0.00","$0.00","$0.00","$0.00","$0.00","$0.00","$0.00","$0.00","$0.00","$0.00","$0.00","$0.00","$0.00","$0.00","$0.00"
"50821723","Chantal W.","# 9 Outback CGS9019 (WA #CGS9019)","Subaru Outback 2023","3168172","4S4BTACC4P3208642","2025-12-28 11:00 AM","2026-01-04 11:00 AM","17801 International Boulevard, Seattle, WA 98158","17801 International Boulevard, Seattle, WA 98158","Completed","55760","56359","599","7","$380.70","$0.00","$0.00","- $57.10","$0.00","$0.00","$0.00","$0.00","$0.00","$0.00","$0.00","$0.00","$0.00","$0.00","$0.00","$0.00","$0.00","$0.00","$0.00","$0.00","$0.00","$0.00","$0.00","$0.00","$0.00","$0.00","$0.00","$0.00","$0.00","$0.00","$0.00","$323.60"
"50845876","Elizabth G.","#8 Ascent CMW9721 (WA #CMW9721)","Subaru Ascent 2024","3344650","4S4WMAND8R3441754","2026-01-08 01:30 PM","2026-01-12 02:30 PM","17801 International Boulevard, Seattle, WA 98158","17801 International Boulevard, Seattle, WA 98158","Completed","36304","36529","225","5","$275.40","$0.00","- $27.54","$0.00","$0.00","$0.00","$0.00","$0.00","$0.00","$0.00","$0.00","$0.00","$0.00","$0.00","$0.00","$0.00","$0.00","$0.00","$0.00","$0.00","$0.00","$0.00","$0.00","$0.00","$0.00","$0.00","$0.00","$62.76","$0.00","$0.00","$0.00","$310.62"
"50848925","JEAN-JACQUES L.","#5 CX-30 CPR8911 (WA #CPR8911)","Mazda CX-30 2025","3090357","3MVDMBBM1SM805876","2026-01-14 07:00 PM","2026-01-20 12:00 PM","17801 International Boulevard, Seattle, WA 98158","17801 International Boulevard, Seattle, WA 98158","Guest cancellation","","","","6","$0.00","$0.00","$0.00","$0.00","$0.00","$0.00","$0.00","$0.00","$0.00","$0.00","$0.00","$0.00","$0.00","$0.00","$0.00","$0.00","$0.00","$0.00","$0.00","$0.00","$0.00","$0.00","$0.00","$0.00","$0.00","$0.00","$0.00","$0.00","$0.00","$0.00","$0.00","$0.00"
"50942780","Joanna B.","#10 Outback CHW4262 (WA #CHW4262)","Subaru Outback 2023","3374613","4S4BTACC8P3213469","2026-01-09 03:30 PM","2026-01-14 03:30 PM","17801 International Boulevard, Seattle, WA 98158","17801 International Boulevard, Seattle, WA 98158","Completed","69301","69607","306","5","$216.90","$0.00","- $21.69","$0.00","$0.00","$0.00","$0.00","$0.00","$0.00","$0.00","$0.00","$0.00","$0.00","$0.00","$27.00","$0.00","$0.00","$0.00","$0.00","$0.00","$0.00","$2.80","$0.00","$0.00","$0.00","$0.00","$0.00","$0.00","$0.00","$0.00","$0.00","$225.01"
"51041721","Lindsey H.","#5 CX-30 CPR8911 (WA #CPR8911)","Mazda CX-30 2025","3090357","3MVDMBBM1SM805876","2026-01-10 09:30 AM","2026-01-14 09:30 AM","17801 International Boulevard, Seattle, WA 98158","17801 International Boulevard, Seattle, WA 98158","Completed","26144","26255","111","4","$156.60","$0.00","- $15.66","$0.00","$0.00","$0.00","$0.00","$0.00","$0.00","$0.00","$0.00","$0.00","$0.00","$0.00","$0.00","$0.00","$0.00","$0.00","$0.00","$0.00","$0.00","$8.90","$0.00","$0.00","$0.00","$0.00","$0.00","$0.00","$0.00","$0.00","$0.00","$149.84"
"51059244","Mikaele F.","#1 Bronco Sport CSD5744 (WA #CSD5744)","Ford Bronco Sport 2024","3090505","3FMCR9B67RRF51219","2025-12-28 01:00 PM","2026-01-18 03:00 PM","17801 International Boulevard, Seattle, WA 98158","17801 International Boulevard, Seattle, WA 98158","Guest cancellation","","","","22","$0.00","$0.00","$0.00","$0.00","$0.00","$0.00","$0.00","$0.00","$0.00","$0.00","$0.00","$0.00","$0.00","$0.00","$0.00","$0.00","$0.00","$0.00","$0.00","$0.00","$0.00","$0.00","$0.00","$0.00","$0.00","$0.00","$0.00","$0.00","$0.00","$0.00","$0.00","$0.00"
"51104930","JEAN-JACQUES L.","#3 CR-V CSJ1646 (WA #CSJ1646)","Honda CR-V 2025","3148718","2HKRS4H21SH443987","2026-01-14 07:00 PM","2026-01-20 12:00 PM","17801 International Boulevard, Seattle, WA 98158","17801 International Boulevard, Seattle, WA 98158","Guest cancellation","","","","6","$0.00","$0.00","$0.00","$0.00","$0.00","$0.00","$0.00","$0.00","$0.00","$0.00","$0.00","$0.00","$0.00","$0.00","$0.00","$0.00","$0.00","$0.00","$0.00","$0.00","$0.00","$0.00","$0.00","$0.00","$0.00","$0.00","$0.00","$0.00","$0.00","$0.00","$0.00","$0.00"
"51109624","Andrew S.","#3 CR-V CSJ1646 (WA #CSJ1646)","Honda CR-V 2025","3148718","2HKRS4H21SH443987","2025-12-26 10:30 AM","2026-01-01 12:00 PM","17801 International Boulevard, Seattle, WA 98158","17801 International Boulevard, Seattle, WA 98158","Completed","19814","","","7","$432.00","$0.00","$0.00","- $43.20","$0.00","$0.00","$0.00","$0.00","$0.00","$0.00","$0.00","$0.00","$0.00","$0.00","$0.00","$0.00","$0.00","$0.00","$0.00","$0.00","$0.00","$0.00","$0.00","$0.00","$0.00","$0.00","$0.00","$0.00","$0.00","$0.00","$0.00","$388.80"
"51126634","DARREN JOHN C.","#6 CX-50 CTL3409 (WA #CTL3409)","Mazda CX-50 2025","3194251","7MMVABAM2SN362658","2025-12-29 10:00 AM","2026-01-03 10:00 AM","17801 International Boulevard, Seattle, WA 98158","17801 International Boulevard, Seattle, WA 98158","Guest cancellation","","","","5","$0.00","$0.00","$0.00","$0.00","$0.00","$0.00","$0.00","$0.00","$0.00","$0.00","$0.00","$0.00","$0.00","$0.00","$0.00","$0.00","$0.00","$0.00","$0.00","$0.00","$0.00","$0.00","$0.00","$0.00","$0.00","$0.00","$0.00","$0.00","$0.00","$0.00","$0.00","$0.00"
"51254806","Brett W.","#11 Outback CMV2996 (WA #CMV2996)","Subaru Outback 2024","3092194","4S4BTACC7R3286674","2025-12-26 03:00 PM","2026-01-02 01:30 PM","17801 International Boulevard, Seattle, WA 98158","17801 International Boulevard, Seattle, WA 98158","Completed","27493","28038","545","7","$452.70","$0.00","$0.00","- $67.90","$0.00","$0.00","$0.00","$0.00","$0.00","$0.00","$0.00","$0.00","$0.00","$0.00","$27.00","$0.00","$0.00","$0.00","$0.00","$0.00","$0.00","$0.00","$0.00","$0.00","$0.00","$0.00","$0.00","$43.35","$0.00","$0.00","$0.00","$455.15"
"51292634","Julia C.","#10 Outback CHW4262 (WA #CHW4262)","Subaru Outback 2023","3374613","4S4BTACC8P3213469","2026-01-01 06:30 PM","2026-01-05 01:00 PM","17801 International Boulevard, Seattle, WA 98158","17801 International Boulevard, Seattle, WA 98158","Completed","69101","69295","194","4","$182.70","$0.00","- $18.27","$0.00","$0.00","$0.00","$0.00","$0.00","$0.00","$0.00","$0.00","$0.00","$0.00","$0.00","$0.00","$0.00","$0.00","$0.00","$0.00","$0.00","$0.00","$0.00","$0.00","$0.00","$0.00","$0.00","$0.00","$42.49","$0.00","$0.00","$0.00","$206.92"
"51313787","Angie P.","#10 Outback CHW4262 (WA #CHW4262)","Subaru Outback 2023","3374613","4S4BTACC8P3213469","2026-01-16 07:00 AM","2026-01-18 06:00 PM","17801 International Boulevard, Seattle, WA 98158","17801 International Boulevard, Seattle, WA 98158","Completed","69643","69730","87","3","$144.90","$0.00","- $14.49","$0.00","$0.00","$0.00","$0.00","$0.00","$0.00","$0.00","$0.00","$0.00","$0.00","$0.00","$0.00","$0.00","$0.00","$0.00","$0.00","$0.00","$0.00","$0.00","$0.00","$0.00","$0.00","$0.00","$0.00","$28.46","$0.00","$0.00","$0.00","$158.87"
"51318045","Sergio G.","#1 Bronco Sport CSD5744 (WA #CSD5744)","Ford Bronco Sport 2024","3090505","3FMCR9B67RRF51219","2026-01-20 03:30 PM","2026-01-25 05:00 AM","17801 International Boulevard, Seattle, WA 98158","17801 International Boulevard, Seattle, WA 98158","Completed","23897","","","5","$234.90","$0.00","- $23.49","$0.00","$0.00","$0.00","$0.00","$0.00","$0.00","$0.00","$0.00","$0.00","$0.00","$0.00","$27.00","$0.00","$0.00","$0.00","$0.00","$0.00","$0.00","$0.00","$0.00","$0.00","$0.00","$0.00","$0.00","$0.00","$0.00","$0.00","$0.00","$238.41"
"51339336","NGUYEN N.","#2 Bronco Sport CTD5399 (WA #CTD5399)","Ford Bronco Sport 2025","3144760","3FMCR9BN3SRE66889","2026-03-21 11:00 AM","2026-03-25 08:30 AM","17801 International Boulevard, Seattle, WA 98158","17801 International Boulevard, Seattle, WA 98158","Completed","","26033","","4","$216.00","$0.00","- $21.60","$0.00","$0.00","$0.00","$0.00","$0.00","$0.00","$0.00","$0.00","$0.00","$0.00","$0.00","$0.00","$0.00","$0.00","$0.00","$0.00","$0.00","$0.00","$1.55","$0.00","$0.00","$0.00","$0.00","$0.00","$0.00","$0.00","$0.00","$0.00","$195.95"
"51416868","Caleb H.","#10 Outback CHW4262 (WA #CHW4262)","Subaru Outback 2023","3374613","4S4BTACC8P3213469","2026-03-01 09:00 AM","2026-03-04 07:30 AM","17801 International Boulevard, Seattle, WA 98158","17801 International Boulevard, Seattle, WA 98158","Completed","71463","","","3","$129.60","$0.00","- $12.96","$0.00","$0.00","$0.00","$0.00","$0.00","$0.00","$0.00","$0.00","$0.00","$0.00","$0.00","$45.00","$0.00","$0.00","$0.00","$0.00","$0.00","$0.00","$0.00","$0.00","$0.00","$0.00","$0.00","$0.00","$0.00","$0.00","$0.00","$0.00","$161.64"
"51448194","Shaun A.","#3 CR-V CSJ1646 (WA #CSJ1646)","Honda CR-V 2025","3148718","2HKRS4H21SH443987","2026-01-03 07:30 AM","2026-01-05 07:30 PM","17801 International Boulevard, Seattle, WA 98158","17801 International Boulevard, Seattle, WA 98158","Completed","20624","20764","140","3","$138.60","$0.00","- $13.86","$0.00","$0.00","$0.00","$0.00","$0.00","$0.00","$0.00","$0.00","$0.00","$0.00","$0.00","$0.00","$0.00","$0.00","$0.00","$0.00","$0.00","$0.00","$4.50","$0.00","$0.00","$0.00","$0.00","$0.00","$32.18","$0.00","$0.00","$0.00","$161.42"
"51457009","Jonathan S.","#10 Outback CHW4262 (WA #CHW4262)","Subaru Outback 2023","3374613","4S4BTACC8P3213469","2026-08-10 10:30 AM","2026-08-20 12:00 PM","17801 International Boulevard, Seattle, WA 98158","17801 International Boulevard, Seattle, WA 98158","Guest cancellation","","","","11","$0.00","$0.00","$0.00","$0.00","$0.00","$0.00","$0.00","$0.00","$0.00","$0.00","$0.00","$0.00","$0.00","$0.00","$0.00","$0.00","$0.00","$0.00","$0.00","$0.00","$0.00","$0.00","$0.00","$0.00","$0.00","$0.00","$0.00","$0.00","$0.00","$0.00","$0.00","$0.00"
"51670889","Sarah S.","#5 CX-30 CPR8911 (WA #CPR8911)","Mazda CX-30 2025","3090357","3MVDMBBM1SM805876","2025-12-30 09:30 AM","2026-01-01 04:30 PM","17801 International Boulevard, Seattle, WA 98158","17801 International Boulevard, Seattle, WA 98158","Completed","25655","25808","153","3","$120.60","$0.00","- $12.06","$0.00","$0.00","$0.00","$0.00","$0.00","$0.00","$0.00","$0.00","$0.00","$0.00","$0.00","$0.00","$0.00","$0.00","$0.00","$0.00","$0.00","$0.00","$2.80","$0.00","$0.00","$0.00","$0.00","$0.00","$0.00","$0.00","$0.00","$0.00","$111.34"
"51741753","Elisabeth G.","#2 Bronco Sport CTD5399 (WA #CTD5399)","Ford Bronco Sport 2025","3144760","3FMCR9BN3SRE66889","2026-01-08 08:00 PM","2026-01-12 10:00 AM","17801 International Boulevard, Seattle, WA 98158","17801 International Boulevard, Seattle, WA 98158","Guest cancellation","","","","4","$0.00","$0.00","$0.00","$0.00","$0.00","$0.00","$0.00","$0.00","$0.00","$0.00","$0.00","$0.00","$0.00","$0.00","$0.00","$0.00","$0.00","$0.00","$0.00","$0.00","$0.00","$0.00","$0.00","$0.00","$0.00","$0.00","$0.00","$0.00","$0.00","$0.00","$0.00","$0.00"
"51812437","Travis H.","#2 Bronco Sport CTD5399 (WA #CTD5399)","Ford Bronco Sport 2025","3144760","3FMCR9BN3SRE66889","2026-01-03 09:30 AM","2026-01-06 12:00 PM","17801 International Boulevard, Seattle, WA 98158","17801 International Boulevard, Seattle, WA 98158","Completed","20405","","","4","$189.00","$0.00","- $18.90","$0.00","$0.00","$0.00","$0.00","$0.00","$0.00","$0.00","$0.00","$0.00","$0.00","$0.00","$0.00","$0.00","$0.00","$0.00","$0.00","$0.00","$0.00","$0.00","$0.00","$0.00","$0.00","$0.00","$0.00","$0.00","$0.00","$0.00","$0.00","$170.10"
"51816252","Aisha L.","#1 Bronco Sport CSD5744 (WA #CSD5744)","Ford Bronco Sport 2024","3090505","3FMCR9B67RRF51219","2026-04-12 01:00 PM","2026-04-16 01:00 PM","17801 International Boulevard, Seattle, WA 98158","17801 International Boulevard, Seattle, WA 98158","Guest cancellation","","","","4","$0.00","$0.00","$0.00","$0.00","$0.00","$0.00","$0.00","$0.00","$0.00","$0.00","$0.00","$0.00","$0.00","$0.00","$0.00","$0.00","$0.00","$0.00","$0.00","$0.00","$0.00","$0.00","$0.00","$0.00","$0.00","$0.00","$0.00","$0.00","$0.00","$0.00","$0.00","$0.00"
"51849091","Ava B.","#4 CX-30 CPR8256 (WA #CPR8256)","Mazda CX-30 2025","3089013","3MVDMBBM1SM798816","2026-01-20 09:30 PM","2026-01-25 10:00 AM","17801 International Boulevard, Seattle, WA 98158","17801 International Boulevard, Seattle, WA 98158","Guest cancellation","","","","5","$0.00","$0.00","$0.00","$0.00","$0.00","$0.00","$0.00","$0.00","$0.00","$0.00","$0.00","$0.00","$0.00","$0.00","$0.00","$0.00","$0.00","$0.00","$0.00","$0.00","$0.00","$0.00","$0.00","$0.00","$0.00","$0.00","$0.00","$0.00","$0.00","$0.00","$0.00","$0.00"
"51890158","Ally A.","#4 CX-30 CPR8256 (WA #CPR8256)","Mazda CX-30 2025","3089013","3MVDMBBM1SM798816","2026-02-10 12:30 PM","2026-02-15 01:30 PM","17801 International Boulevard, Seattle, WA 98158","17801 International Boulevard, Seattle, WA 98158","Completed","27624","27798","174","6","$251.10","$0.00","- $25.11","$0.00","$0.00","$0.00","$0.00","$0.00","$0.00","$0.00","$0.00","$0.00","$0.00","$0.00","$0.00","$0.00","$0.00","$0.00","$0.00","$0.00","$0.00","$0.00","$0.00","$0.00","$0.00","$0.00","$0.00","$0.00","$0.00","$0.00","$0.00","$225.99"
"51892145","Tawni B.","#7 CX-50 CGX2490 (WA #CGX2490)","Mazda CX-50 2023","3420258","7MMVABAM8PN145820","2026-01-11 06:30 PM","2026-01-16 04:00 PM","17801 International Boulevard, Seattle, WA 98158","17801 International Boulevard, Seattle, WA 98158","Completed","63227","","","5","$203.40","$0.00","- $20.34","$0.00","$0.00","$0.00","$0.00","$0.00","$0.00","$0.00","$0.00","$0.00","$0.00","$0.00","$0.00","$0.00","$0.00","$0.00","$0.00","$0.00","$0.00","$0.00","$0.00","$0.00","$0.00","$0.00","$0.00","$0.00","$0.00","$0.00","$0.00","$183.06"
"51908846","Fady I.","# 9 Outback CGS9019 (WA #CGS9019)","Subaru Outback 2023","3168172","4S4BTACC4P3208642","2026-01-17 11:00 AM","2026-01-21 03:00 PM","17801 International Boulevard, Seattle, WA 98158","17801 International Boulevard, Seattle, WA 98158","Completed","56720","57152","432","5","$228.60","$0.00","- $22.86","$0.00","$0.00","$0.00","$0.00","$0.00","$0.00","$0.00","$0.00","$0.00","$0.00","$0.00","$27.00","$0.00","$0.00","$0.00","$0.00","$0.00","$0.00","$0.00","$0.00","$0.00","$0.00","$0.00","$0.00","$0.00","$0.00","$0.00","$0.00","$232.74"
"51909423","Heidi B.","#10 Outback CHW4262 (WA #CHW4262)","Subaru Outback 2023","3374613","4S4BTACC8P3213469","2026-01-29 10:00 AM","2026-02-02 10:00 PM","17801 International Boulevard, Seattle, WA 98158","17801 International Boulevard, Seattle, WA 98158","Completed","70018","","","5","$216.90","$0.00","- $21.69","$0.00","$0.00","$0.00","$0.00","$0.00","$0.00","$0.00","$0.00","$0.00","$0.00","$0.00","$27.00","$0.00","$0.00","$0.00","$0.00","$0.00","$0.00","$6.30","$0.00","$0.00","$0.00","$0.00","$0.00","$0.00","$0.00","$0.00","$0.00","$228.51"
"51932132","Alex R.","#1 Bronco Sport CSD5744 (WA #CSD5744)","Ford Bronco Sport 2024","3090505","3FMCR9B67RRF51219","2025-12-29 09:00 AM","2026-01-02 07:00 PM","17801 International Boulevard, Seattle, WA 98158","17801 International Boulevard, Seattle, WA 98158","Completed","22809","","","5","$288.00","$0.00","- $28.80","$0.00","$0.00","$0.00","$0.00","$0.00","$0.00","$0.00","$0.00","$0.00","$0.00","$0.00","$0.00","$0.00","$0.00","$0.00","$0.00","$0.00","$0.00","$0.00","$0.00","$0.00","$0.00","$0.00","$0.00","$0.00","$0.00","$0.00","$0.00","$259.20"
"52000343","Jaclyn A.","#5 CX-30 CPR8911 (WA #CPR8911)","Mazda CX-30 2025","3090357","3MVDMBBM1SM805876","2026-01-22 10:00 PM","2026-01-26 07:30 AM","17801 International Boulevard, Seattle, WA 98158","17801 International Boulevard, Seattle, WA 98158","Completed","26534","","","4","$168.30","$0.00","- $16.83","$0.00","$0.00","$0.00","$0.00","$0.00","$0.00","$0.00","$0.00","$0.00","$0.00","$0.00","$0.00","$0.00","$0.00","$0.00","$0.00","$0.00","$0.00","$0.00","$0.00","$0.00","$0.00","$0.00","$0.00","$0.00","$0.00","$0.00","$0.00","$151.47"
"52037133","Jordan P.","#3 CR-V CSJ1646 (WA #CSJ1646)","Honda CR-V 2025","3148718","2HKRS4H21SH443987","2026-01-07 06:30 PM","2026-01-11 06:30 PM","17801 International Boulevard, Seattle, WA 98158","17801 International Boulevard, Seattle, WA 98158","Guest cancellation","","","","4","$0.00","$0.00","$0.00","$0.00","$0.00","$0.00","$0.00","$0.00","$0.00","$0.00","$0.00","$0.00","$0.00","$0.00","$0.00","$0.00","$0.00","$0.00","$0.00","$0.00","$0.00","$0.00","$0.00","$0.00","$0.00","$0.00","$0.00","$0.00","$0.00","$0.00","$0.00","$0.00"
"52156152","Insia B.","#5 CX-30 CPR8911 (WA #CPR8911)","Mazda CX-30 2025","3090357","3MVDMBBM1SM805876","2026-01-02 08:30 AM","2026-01-06 10:00 AM","17801 International Boulevard, Seattle, WA 98158","17801 International Boulevard, Seattle, WA 98158","Completed","25878","","","5","$199.80","$0.00","- $19.98","$0.00","$0.00","$0.00","$0.00","$0.00","$0.00","$0.00","$0.00","$0.00","$0.00","$0.00","$0.00","$0.00","$0.00","$0.00","$0.00","$0.00","$0.00","$7.80","$0.00","$0.00","$0.00","$0.00","$0.00","$0.00","$0.00","$0.00","$0.00","$187.62"
"52187790","Tristany C.","#4 CX-30 CPR8256 (WA #CPR8256)","Mazda CX-30 2025","3089013","3MVDMBBM1SM798816","2025-12-31 07:00 PM","2026-01-04 07:00 PM","17801 International Boulevard, Seattle, WA 98158","17801 International Boulevard, Seattle, WA 98158","Completed","24713","25228","515","4","$202.50","$0.00","- $20.25","$0.00","$0.00","$0.00","$0.00","$0.00","$0.00","$0.00","$0.00","$0.00","$0.00","$0.00","$0.00","$0.00","$0.00","$0.00","$0.00","$0.00","$0.00","$1.25","$0.00","$0.00","$0.00","$0.00","$0.00","$0.00","$0.00","$0.00","$0.00","$183.50"
"52199377","Keegan B.","#6 CX-50 CTL3409 (WA #CTL3409)","Mazda CX-50 2025","3194251","7MMVABAM2SN362658","2026-01-17 10:30 AM","2026-01-20 10:30 AM","17801 International Boulevard, Seattle, WA 98158","17801 International Boulevard, Seattle, WA 98158","Guest cancellation","16348","","","3","$0.00","$0.00","$0.00","$0.00","$0.00","$0.00","$0.00","$0.00","$0.00","$0.00","$0.00","$0.00","$0.00","$0.00","$0.00","$44.10","$0.00","$0.00","$0.00","$0.00","$0.00","$0.00","$0.00","$0.00","$0.00","$0.00","$0.00","$0.00","$0.00","$0.00","$0.00","$44.10"
"52209384","Darkhanbayar N.","#2 Bronco Sport CTD5399 (WA #CTD5399)","Ford Bronco Sport 2025","3144760","3FMCR9BN3SRE66889","2026-01-07 01:30 PM","2026-01-13 12:00 PM","17801 International Boulevard, Seattle, WA 98158","17801 International Boulevard, Seattle, WA 98158","Completed","20937","21287","350","6","$290.70","$0.00","- $29.07","$0.00","$0.00","$0.00","$0.00","$0.00","$0.00","$0.00","$0.00","$0.00","$0.00","$0.00","$112.50","$0.00","$0.00","$0.00","$0.00","$0.00","$0.00","$0.00","$0.00","$0.00","$0.00","$0.00","$0.00","$20.01","$0.00","$0.00","$0.00","$394.14"
"52218681","Agim B.","#2 Bronco Sport CTD5399 (WA #CTD5399)","Ford Bronco Sport 2025","3144760","3FMCR9BN3SRE66889","2026-01-28 12:00 PM","2026-02-01 03:00 PM","17801 International Boulevard, Seattle, WA 98158","17801 International Boulevard, Seattle, WA 98158","Completed","21730","35783","14053","5","$244.80","$0.00","- $24.48","$0.00","$0.00","$0.00","$0.00","$0.00","$0.00","$0.00","$0.00","$0.00","$0.00","$0.00","$0.00","$0.00","$0.00","$0.00","$0.00","$0.00","$0.00","$0.00","$0.00","$0.00","$0.00","$0.00","$0.00","$38.43","$0.00","$0.00","$0.00","$258.75"
"52309693","Arturo V.","#6 CX-50 CTL3409 (WA #CTL3409)","Mazda CX-50 2025","3194251","7MMVABAM2SN362658","2026-01-01 10:00 AM","2026-01-07 01:30 PM","17801 International Boulevard, Seattle, WA 98158","17801 International Boulevard, Seattle, WA 98158","Completed","15684","15869","185","7","$315.90","$0.00","$0.00","- $47.38","$0.00","$0.00","$0.00","$0.00","$0.00","$0.00","$0.00","$0.00","$0.00","$0.00","$0.00","$0.00","$0.00","$0.00","$0.00","$0.00","$0.00","$0.00","$0.00","$0.00","$0.00","$0.00","$0.00","$0.00","$0.00","$0.00","$0.00","$268.52"
"52321680","William G.","#3 CR-V CSJ1646 (WA #CSJ1646)","Honda CR-V 2025","3148718","2HKRS4H21SH443987","2026-01-19 10:30 AM","2026-01-21 09:00 PM","17801 International Boulevard, Seattle, WA 98158","17801 International Boulevard, Seattle, WA 98158","Completed","21147","21451","304","3","$120.60","$0.00","- $12.06","$0.00","$0.00","$0.00","$0.00","$0.00","$0.00","$0.00","$0.00","$0.00","$0.00","$0.00","$0.00","$0.00","$0.00","$0.00","$0.00","$0.00","$0.00","$0.00","$0.00","$0.00","$0.00","$0.00","$0.00","$0.00","$0.00","$0.00","$0.00","$108.54"
"52346786","Hannah L.","# 9 Outback CGS9019 (WA #CGS9019)","Subaru Outback 2023","3168172","4S4BTACC4P3208642","2026-01-05 02:00 PM","2026-01-09 11:00 AM","17801 International Boulevard, Seattle, WA 98158","17801 International Boulevard, Seattle, WA 98158","Guest cancellation","","","","4","$0.00","$0.00","$0.00","$0.00","$0.00","$0.00","$0.00","$0.00","$0.00","$0.00","$0.00","$0.00","$0.00","$0.00","$0.00","$0.00","$0.00","$0.00","$0.00","$0.00","$0.00","$0.00","$0.00","$0.00","$0.00","$0.00","$0.00","$0.00","$0.00","$0.00","$0.00","$0.00"
"52378758","Joselyn R.","# 9 Outback CGS9019 (WA #CGS9019)","Subaru Outback 2023","3168172","4S4BTACC4P3208642","2026-01-29 10:00 AM","2026-02-01 10:00 AM","17801 International Boulevard, Seattle, WA 98158","17801 International Boulevard, Seattle, WA 98158","Completed","57544","","","3","$135.90","$0.00","- $13.59","$0.00","$0.00","$0.00","$0.00","$0.00","$0.00","$0.00","$0.00","$0.00","$0.00","$0.00","$0.00","$0.00","$0.00","$0.00","$0.00","$0.00","$0.00","$0.00","$0.00","$0.00","$0.00","$0.00","$0.00","$0.00","$0.00","$0.00","$0.00","$122.31"
"52380930","Alexandra A.","#3 CR-V CSJ1646 (WA #CSJ1646)","Honda CR-V 2025","3148718","2HKRS4H21SH443987","2026-01-23 11:00 AM","2026-01-25 05:00 PM","17801 International Boulevard, Seattle, WA 98158","17801 International Boulevard, Seattle, WA 98158","Guest cancellation","","","","3","$0.00","$0.00","$0.00","$0.00","$0.00","$0.00","$0.00","$0.00","$0.00","$0.00","$0.00","$0.00","$0.00","$0.00","$0.00","$0.00","$0.00","$0.00","$0.00","$0.00","$0.00","$0.00","$0.00","$0.00","$0.00","$0.00","$0.00","$0.00","$0.00","$0.00","$0.00","$0.00"
"52435064","Mary M.","#1 Bronco Sport CSD5744 (WA #CSD5744)","Ford Bronco Sport 2024","3090505","3FMCR9B67RRF51219","2026-01-16 12:00 PM","2026-01-19 10:00 AM","17801 International Boulevard, Seattle, WA 98158","17801 International Boulevard, Seattle, WA 98158","Guest cancellation","","","","3","$0.00","$0.00","$0.00","$0.00","$0.00","$0.00","$0.00","$0.00","$0.00","$0.00","$0.00","$0.00","$0.00","$0.00","$0.00","$49.80","$0.00","$0.00","$0.00","$0.00","$0.00","$0.00","$0.00","$0.00","$0.00","$0.00","$0.00","$0.00","$0.00","$0.00","$0.00","$49.80"
"52453050","Mitchell W.","#1 Bronco Sport CSD5744 (WA #CSD5744)","Ford Bronco Sport 2024","3090505","3FMCR9B67RRF51219","2026-01-05 07:00 AM","2026-01-09 08:00 PM","17801 International Boulevard, Seattle, WA 98158","17801 International Boulevard, Seattle, WA 98158","Completed","23065","23246","181","5","$216.90","$0.00","- $21.69","$0.00","$0.00","$0.00","$0.00","$0.00","$0.00","$0.00","$0.00","$0.00","$0.00","$0.00","$0.00","$0.00","$0.00","$0.00","$0.00","$0.00","$0.00","$1.80","$0.00","$0.00","$0.00","$0.00","$0.00","$0.00","$0.00","$0.00","$0.00","$197.01"
"52464398","Haley M.","#2 Bronco Sport CTD5399 (WA #CTD5399)","Ford Bronco Sport 2025","3144760","3FMCR9BN3SRE66889","2026-04-24 09:30 AM","2026-04-28 05:00 PM","17801 International Boulevard, Seattle, WA 98158","17801 International Boulevard, Seattle, WA 98158","Completed","27344","","","5","$285.30","$0.00","- $28.53","$0.00","$0.00","$0.00","$0.00","$0.00","$0.00","$0.00","$0.00","$0.00","$0.00","$0.00","$0.00","$0.00","$0.00","$0.00","$0.00","$0.00","$0.00","$0.00","$0.00","$0.00","$0.00","$0.00","$0.00","$20.05","$0.00","$0.00","$0.00","$276.82"
"52527294","Bryan M.","#6 CX-50 CTL3409 (WA #CTL3409)","Mazda CX-50 2025","3194251","7MMVABAM2SN362658","2026-01-25 08:30 PM","2026-01-31 12:00 PM","17801 International Boulevard, Seattle, WA 98158","17801 International Boulevard, Seattle, WA 98158","Completed","17612","18424","812","6","$244.80","$0.00","- $24.48","$0.00","$0.00","$0.00","$0.00","$0.00","$0.00","$0.00","$0.00","$0.00","$0.00","$0.00","$0.00","$0.00","$0.00","$0.00","$0.00","$0.00","$0.00","$2.80","$0.00","$0.00","$0.00","$0.00","$0.00","$0.00","$0.00","$0.00","$0.00","$223.12"
"52554828","Julie F.","#4 CX-30 CPR8256 (WA #CPR8256)","Mazda CX-30 2025","3089013","3MVDMBBM1SM798816","2026-01-06 04:30 PM","2026-01-11 04:00 PM","1721 Northeast 98th Street, Seattle, WA 98115","1721 Northeast 98th Street, Seattle, WA 98115","Completed","25234","25295","61","5","$200.70","$0.00","- $20.07","$0.00","$0.00","$0.00","$0.00","$0.00","$0.00","$0.00","$0.00","$0.00","$108.00","$0.00","$0.00","$0.00","$0.00","$0.00","$0.00","$0.00","$0.00","$0.00","$0.00","$0.00","$0.00","$0.00","$0.00","$0.00","$0.00","$0.00","$0.00","$288.63"
"52557954","Colin M.","#11 Outback CMV2996 (WA #CMV2996)","Subaru Outback 2024","3092194","4S4BTACC7R3286674","2026-02-04 10:00 AM","2026-02-08 09:00 AM","17801 International Boulevard, Seattle, WA 98158","17801 International Boulevard, Seattle, WA 98158","Completed","29641","29870","229","4","$199.80","$0.00","- $19.98","$0.00","$0.00","$0.00","$0.00","$0.00","$0.00","$0.00","$0.00","$0.00","$0.00","$0.00","$0.00","$0.00","$0.00","$0.00","$0.00","$0.00","$0.00","$0.00","$0.00","$0.00","$0.00","$0.00","$0.00","$56.05","$0.00","$0.00","$0.00","$235.87"
"52577735","Jennifer M.","#2 Bronco Sport CTD5399 (WA #CTD5399)","Ford Bronco Sport 2025","3144760","3FMCR9BN3SRE66889","2026-02-20 01:00 PM","2026-02-23 03:30 PM","17801 International Boulevard, Seattle, WA 98158","17801 International Boulevard, Seattle, WA 98158","Completed","23895","24190","295","4","$214.20","$0.00","- $21.42","$0.00","$0.00","$0.00","$0.00","$0.00","$0.00","$0.00","$0.00","$0.00","$0.00","$0.00","$0.00","$0.00","$0.00","$0.00","$0.00","$0.00","$0.00","$1.55","$0.00","$0.00","$0.00","$0.00","$0.00","$0.00","$0.00","$0.00","$0.00","$194.33"
"52588118","Audicka D.","#1 Bronco Sport CSD5744 (WA #CSD5744)","Ford Bronco Sport 2024","3090505","3FMCR9B67RRF51219","2026-01-29 10:00 AM","2026-02-01 07:30 PM","17801 International Boulevard, Seattle, WA 98158","17801 International Boulevard, Seattle, WA 98158","Guest cancellation","","","","4","$0.00","$0.00","$0.00","$0.00","$0.00","$0.00","$0.00","$0.00","$0.00","$0.00","$0.00","$0.00","$0.00","$0.00","$0.00","$0.00","$0.00","$0.00","$0.00","$0.00","$0.00","$0.00","$0.00","$0.00","$0.00","$0.00","$0.00","$0.00","$0.00","$0.00","$0.00","$0.00"
"52600109","William Dong Wook K.","#3 CR-V CSJ1646 (WA #CSJ1646)","Honda CR-V 2025","3148718","2HKRS4H21SH443987","2026-02-18 10:30 AM","2026-02-23 03:00 PM","17801 International Boulevard, Seattle, WA 98158","17801 International Boulevard, Seattle, WA 98158","Completed","23560","23929","369","6","$280.80","$0.00","- $28.08","$0.00","$0.00","$0.00","$0.00","$0.00","$0.00","$0.00","$0.00","$0.00","$0.00","$0.00","$27.00","$0.00","$0.00","$0.00","$0.00","$0.00","$0.00","$0.00","$0.00","$0.00","$0.00","$0.00","$0.00","$0.00","$0.00","$0.00","$0.00","$279.72"
"52628851","Tyler M.","#2 Bronco Sport CTD5399 (WA #CTD5399)","Ford Bronco Sport 2025","3144760","3FMCR9BN3SRE66889","2026-01-15 10:00 AM","2026-01-19 04:30 PM","17801 International Boulevard, Seattle, WA 98158","17801 International Boulevard, Seattle, WA 98158","Completed","21357","21621","264","5","$263.70","$0.00","- $26.37","$0.00","$0.00","$0.00","$0.00","$0.00","$0.00","$0.00","$0.00","$0.00","$0.00","$0.00","$0.00","$0.00","$0.00","$0.00","$0.00","$0.00","$0.00","$0.00","$0.00","$0.00","$0.00","$0.00","$0.00","$0.00","$0.00","$0.00","$0.00","$237.33"
"52639319","Daren B.","#3 CR-V CSJ1646 (WA #CSJ1646)","Honda CR-V 2025","3148718","2HKRS4H21SH443987","2026-01-09 06:30 PM","2026-01-11 06:30 PM","17801 International Boulevard, Seattle, WA 98158","17801 International Boulevard, Seattle, WA 98158","Completed","20771","20955","184","2","$89.10","$0.00","$0.00","$0.00","$0.00","$0.00","$0.00","$0.00","$0.00","$0.00","$0.00","$0.00","$27.00","$0.00","$0.00","$0.00","$0.00","$0.00","$0.00","$0.00","$0.00","$0.00","$0.00","$0.00","$0.00","$0.00","$0.00","$0.00","$0.00","$0.00","$0.00","$116.10"
"52655810","Andrey K.","#5 CX-30 CPR8911 (WA #CPR8911)","Mazda CX-30 2025","3090357","3MVDMBBM1SM805876","2026-02-04 11:00 AM","2026-02-09 11:00 AM","17801 International Boulevard, Seattle, WA 98158","17801 International Boulevard, Seattle, WA 98158","Completed","26830","27197","367","5","$209.70","$0.00","- $20.97","$0.00","$0.00","$0.00","$0.00","$0.00","$0.00","$0.00","$0.00","$0.00","$0.00","$0.00","$0.00","$0.00","$0.00","$0.00","$0.00","$0.00","$0.00","$0.00","$0.00","$0.00","$0.00","$0.00","$0.00","$0.00","$0.00","$0.00","$0.00","$188.73"
"52698554","Darryl B.","#6 CX-50 CTL3409 (WA #CTL3409)","Mazda CX-50 2025","3194251","7MMVABAM2SN362658","2026-01-09 10:00 AM","2026-01-12 10:00 AM","17801 International Boulevard, Seattle, WA 98158","17801 International Boulevard, Seattle, WA 98158","Completed","15984","16261","277","3","$134.10","$0.00","- $13.41","$0.00","$0.00","$0.00","$0.00","$0.00","$0.00","$0.00","$0.00","$0.00","$0.00","$0.00","$0.00","$0.00","$0.00","$0.00","$0.00","$0.00","$0.00","$2.40","$0.00","$0.00","$0.00","$0.00","$0.00","$19.65","$0.00","$0.00","$0.00","$142.74"
"52700099","Alyssa H.","#1 Bronco Sport CSD5744 (WA #CSD5744)","Ford Bronco Sport 2024","3090505","3FMCR9B67RRF51219","2026-02-11 11:00 AM","2026-02-15 04:30 PM","17801 International Boulevard, Seattle, WA 98158","17801 International Boulevard, Seattle, WA 98158","Completed","25092","25750","658","5","$255.60","$0.00","- $25.56","$0.00","$0.00","$0.00","$0.00","$0.00","$0.00","$0.00","$0.00","$0.00","$0.00","$0.00","$0.00","$0.00","$0.00","$0.00","$0.00","$0.00","$0.00","$0.00","$0.00","$0.00","$0.00","$0.00","$0.00","$62.35","$0.00","$0.00","$0.00","$292.39"
"52700148","Kyle L.","# 9 Outback CGS9019 (WA #CGS9019)","Subaru Outback 2023","3168172","4S4BTACC4P3208642","2026-01-06 11:30 AM","2026-01-08 08:00 PM","17801 International Boulevard, Seattle, WA 98158","17801 International Boulevard, Seattle, WA 98158","Completed","56402","56579","177","3","$123.30","$0.00","- $12.33","$0.00","$0.00","$0.00","$0.00","$0.00","$0.00","$0.00","$0.00","$0.00","$0.00","$0.00","$85.50","$0.00","$0.00","$0.00","$0.00","$0.00","$0.00","$0.00","$0.00","$0.00","$0.00","$0.00","$0.00","$0.00","$0.00","$0.00","$0.00","$196.47"
"52718700","Dean G.","#4 CX-30 CPR8256 (WA #CPR8256)","Mazda CX-30 2025","3089013","3MVDMBBM1SM798816","2026-01-12 03:00 PM","2026-01-17 03:30 PM","17801 International Boulevard, Seattle, WA 98158","17801 International Boulevard, Seattle, WA 98158","Guest cancellation","","","","6","$0.00","$0.00","$0.00","$0.00","$0.00","$0.00","$0.00","$0.00","$0.00","$0.00","$0.00","$0.00","$0.00","$0.00","$0.00","$0.00","$0.00","$0.00","$0.00","$0.00","$0.00","$0.00","$0.00","$0.00","$0.00","$0.00","$0.00","$0.00","$0.00","$0.00","$0.00","$0.00"
"52734073","Laray B.","#3 CR-V CSJ1646 (WA #CSJ1646)","Honda CR-V 2025","3148718","2HKRS4H21SH443987","2026-01-23 11:00 AM","2026-01-25 05:00 PM","17801 International Boulevard, Seattle, WA 98158","17801 International Boulevard, Seattle, WA 98158","Completed","21491","","","3","$132.30","$0.00","- $13.23","$0.00","$0.00","$0.00","$0.00","$0.00","$0.00","$0.00","$0.00","$0.00","$0.00","$0.00","$0.00","$0.00","$0.00","$0.00","$0.00","$0.00","$0.00","$0.00","$0.00","$0.00","$0.00","$0.00","$0.00","$0.00","$0.00","$0.00","$0.00","$119.07"
"52812121","Ryan P.","#5 CX-30 CPR8911 (WA #CPR8911)","Mazda CX-30 2025","3090357","3MVDMBBM1SM805876","2026-01-16 10:30 PM","2026-01-19 08:00 AM","17801 International Boulevard, Seattle, WA 98158","17801 International Boulevard, Seattle, WA 98158","Completed","26262","","","3","$135.00","$0.00","- $13.50","$0.00","$0.00","$0.00","$0.00","$0.00","$0.00","$0.00","$0.00","$0.00","$0.00","$0.00","$0.00","$0.00","$0.00","$0.00","$0.00","$0.00","$0.00","$5.80","$0.00","$0.00","$0.00","$0.00","$0.00","$0.00","$0.00","$0.00","$0.00","$127.30"
"52812744","Jemimah G.","#3 CR-V CSJ1646 (WA #CSJ1646)","Honda CR-V 2025","3148718","2HKRS4H21SH443987","2026-01-15 09:00 PM","2026-01-18 12:00 PM","17801 International Boulevard, Seattle, WA 98158","17801 International Boulevard, Seattle, WA 98158","Completed","20962","21079","117","3","$130.50","$0.00","- $13.05","$0.00","$0.00","$0.00","$0.00","$0.00","$0.00","$0.00","$0.00","$0.00","$0.00","$0.00","$0.00","$0.00","$0.00","$0.00","$0.00","$0.00","$0.00","$0.00","$0.00","$0.00","$0.00","$0.00","$0.00","$0.00","$0.00","$0.00","$0.00","$117.45"
"52831029","Olivia H.","#10 Outback CHW4262 (WA #CHW4262)","Subaru Outback 2023","3374613","4S4BTACC8P3213469","2026-02-13 10:00 AM","2026-02-16 02:00 PM","17801 International Boulevard, Seattle, WA 98158","17801 International Boulevard, Seattle, WA 98158","Completed","70621","70895","274","4","$203.40","$0.00","- $20.34","$0.00","$0.00","$0.00","$0.00","$0.00","$0.00","$0.00","$0.00","$0.00","$0.00","$0.00","$0.00","$0.00","$0.00","$0.00","$0.00","$0.00","$0.00","$0.00","$0.00","$0.00","$0.00","$0.00","$0.00","$0.00","$0.00","$0.00","$0.00","$183.06"
"52853697","Lauren Z.","#10 Outback CHW4262 (WA #CHW4262)","Subaru Outback 2023","3374613","4S4BTACC8P3213469","2026-07-18 09:00 AM","2026-07-25 04:00 PM","303 South Jackson Street, Seattle, WA 98104","303 South Jackson Street, Seattle, WA 98104","Guest cancellation","","","","8","$0.00","$0.00","$0.00","$0.00","$0.00","$0.00","$0.00","$0.00","$0.00","$0.00","$0.00","$0.00","$0.00","$0.00","$0.00","$0.00","$0.00","$0.00","$0.00","$0.00","$0.00","$0.00","$0.00","$0.00","$0.00","$0.00","$0.00","$0.00","$0.00","$0.00","$0.00","$0.00"
"52858040","Erika D.","#11 Outback CMV2996 (WA #CMV2996)","Subaru Outback 2024","3092194","4S4BTACC7R3286674","2026-01-07 01:30 PM","2026-01-11 11:00 AM","17801 International Boulevard, Seattle, WA 98158","17801 International Boulevard, Seattle, WA 98158","Completed","28045","","","4","$153.00","$0.00","- $15.30","$0.00","$0.00","$0.00","$0.00","$0.00","$0.00","$0.00","$0.00","$0.00","$0.00","$0.00","$27.00","$0.00","$0.00","$0.00","$0.00","$0.00","$0.00","$0.00","$0.00","$0.00","$0.00","$0.00","$0.00","$0.00","$0.00","$0.00","$0.00","$164.70"
"52883203","Luke W.","#11 Outback CMV2996 (WA #CMV2996)","Subaru Outback 2024","3092194","4S4BTACC7R3286674","2026-01-12 11:00 AM","2026-01-16 03:00 PM","17801 International Boulevard, Seattle, WA 98158","17801 International Boulevard, Seattle, WA 98158","Completed","28460","","","5","$209.70","$0.00","- $20.97","$0.00","$0.00","$0.00","$0.00","$0.00","$0.00","$0.00","$0.00","$0.00","$0.00","$0.00","$0.00","$0.00","$0.00","$0.00","$0.00","$0.00","$0.00","$0.00","$0.00","$0.00","$0.00","$0.00","$0.00","$0.00","$0.00","$0.00","$0.00","$188.73"
"52885087","Amanda I.","#1 Bronco Sport CSD5744 (WA #CSD5744)","Ford Bronco Sport 2024","3090505","3FMCR9B67RRF51219","2026-02-20 08:30 PM","2026-02-23 05:00 PM","17801 International Boulevard, Seattle, WA 98158","17801 International Boulevard, Seattle, WA 98158","Guest cancellation","","","","3","$0.00","$0.00","$0.00","$0.00","$0.00","$0.00","$0.00","$0.00","$0.00","$0.00","$0.00","$0.00","$0.00","$0.00","$0.00","$0.00","$0.00","$0.00","$0.00","$0.00","$0.00","$0.00","$0.00","$0.00","$0.00","$0.00","$0.00","$0.00","$0.00","$0.00","$0.00","$0.00"
"52891522","Robert F.","#6 CX-50 CTL3409 (WA #CTL3409)","Mazda CX-50 2025","3194251","7MMVABAM2SN362658","2026-03-02 03:30 PM","2026-03-04 10:30 AM","17801 International Boulevard, Seattle, WA 98158","17801 International Boulevard, Seattle, WA 98158","Guest cancellation","","","","2","$0.00","$0.00","$0.00","$0.00","$0.00","$0.00","$0.00","$0.00","$0.00","$0.00","$0.00","$0.00","$0.00","$0.00","$0.00","$0.00","$0.00","$0.00","$0.00","$0.00","$0.00","$0.00","$0.00","$0.00","$0.00","$0.00","$0.00","$0.00","$0.00","$0.00","$0.00","$0.00"
"52904615","Skyla C.","#3 CR-V CSJ1646 (WA #CSJ1646)","Honda CR-V 2025","3148718","2HKRS4H21SH443987","2026-02-06 11:00 AM","2026-02-09 07:30 AM","17801 International Boulevard, Seattle, WA 98158","17801 International Boulevard, Seattle, WA 98158","Completed","22342","22569","227","3","$149.40","$0.00","- $14.94","$0.00","$0.00","$0.00","$0.00","$0.00","$0.00","$0.00","$0.00","$0.00","$0.00","$0.00","$0.00","$0.00","$0.00","$0.00","$0.00","$0.00","$0.00","$1.25","$0.00","$0.00","$0.00","$0.00","$0.00","$0.00","$0.00","$0.00","$0.00","$135.71"
"52944944","Deshaye B.","#1 Bronco Sport CSD5744 (WA #CSD5744)","Ford Bronco Sport 2024","3090505","3FMCR9B67RRF51219","2026-01-10 11:00 AM","2026-01-14 01:30 PM","17801 International Boulevard, Seattle, WA 98158","17801 International Boulevard, Seattle, WA 98158","Completed","23246","23525","279","5","$213.30","$0.00","- $21.33","$0.00","$0.00","$0.00","$0.00","$0.00","$0.00","$0.00","$0.00","$0.00","$0.00","$0.00","$0.00","$0.00","$0.00","$0.00","$0.00","$0.00","$0.00","$2.50","$0.00","$0.00","$0.00","$0.00","$0.00","$30.01","$0.00","$0.00","$0.00","$224.48"
"52957604","Christopher M.","#11 Outback CMV2996 (WA #CMV2996)","Subaru Outback 2024","3092194","4S4BTACC7R3286674","2026-05-23 06:30 PM","2026-05-29 03:30 PM","17801 International Boulevard, Seattle, WA 98158","17801 International Boulevard, Seattle, WA 98158","Guest cancellation","","","","6","$0.00","$0.00","$0.00","$0.00","$0.00","$0.00","$0.00","$0.00","$0.00","$0.00","$0.00","$0.00","$0.00","$0.00","$0.00","$0.00","$0.00","$0.00","$0.00","$0.00","$0.00","$0.00","$0.00","$0.00","$0.00","$0.00","$0.00","$0.00","$0.00","$0.00","$0.00","$0.00"
"52999894","Eric F.","#10 Outback CHW4262 (WA #CHW4262)","Subaru Outback 2023","3374613","4S4BTACC8P3213469","2026-07-03 10:00 AM","2026-07-11 07:00 PM","17801 International Boulevard, Seattle, WA 98158","17801 International Boulevard, Seattle, WA 98158","In-progress","79333","","","9","$875.70","$0.00","$0.00","- $131.36","$0.00","$0.00","$0.00","$0.00","$0.00","$0.00","$0.00","$0.00","$0.00","$0.00","$0.00","$0.00","$0.00","$0.00","$0.00","$0.00","$0.00","$0.00","$0.00","$0.00","$0.00","$0.00","$0.00","$0.00","$0.00","$0.00","$0.00","$744.34"
"53001612","Caitlin N.","#7 CX-50 CGX2490 (WA #CGX2490)","Mazda CX-50 2023","3420258","7MMVABAM8PN145820","2026-01-17 10:00 AM","2026-01-31 10:00 AM","17801 International Boulevard, Seattle, WA 98158","17801 International Boulevard, Seattle, WA 98158","Guest cancellation","","","","14","$0.00","$0.00","$0.00","$0.00","$0.00","$0.00","$0.00","$0.00","$0.00","$0.00","$0.00","$0.00","$0.00","$0.00","$0.00","$0.00","$0.00","$0.00","$0.00","$0.00","$0.00","$0.00","$0.00","$0.00","$0.00","$0.00","$0.00","$0.00","$0.00","$0.00","$0.00","$0.00"
"53001935","Caitlin N.","#7 CX-50 CGX2490 (WA #CGX2490)","Mazda CX-50 2023","3420258","7MMVABAM8PN145820","2026-01-17 10:00 AM","2026-01-31 10:00 AM","17801 International Boulevard, Seattle, WA 98158","17801 International Boulevard, Seattle, WA 98158","Completed","63570","","","14","$575.10","$0.00","$0.00","$0.00","- $143.78","$0.00","$0.00","$0.00","$0.00","$0.00","$0.00","$0.00","$0.00","$0.00","$0.00","$0.00","$0.00","$0.00","$0.00","$0.00","$0.00","$12.95","$0.00","$0.00","$0.00","$0.00","$0.00","$0.00","$0.00","$0.00","$0.00","$444.27"
"53025950","Amos B.","#5 CX-30 CPR8911 (WA #CPR8911)","Mazda CX-30 2025","3090357","3MVDMBBM1SM805876","2026-03-18 05:00 PM","2026-03-22 02:00 PM","17801 International Boulevard, Seattle, WA 98158","17801 International Boulevard, Seattle, WA 98158","Completed","30093","30230","137","4","$169.20","$0.00","- $16.92","$0.00","$0.00","$0.00","$0.00","$0.00","$0.00","$0.00","$0.00","$0.00","$0.00","$0.00","$0.00","$0.00","$0.00","$0.00","$0.00","$0.00","$0.00","$6.90","$0.00","$0.00","$0.00","$0.00","$0.00","$20.34","$0.00","$0.00","$0.00","$179.52"
"53035989","Edna P.","#4 CX-30 CPR8256 (WA #CPR8256)","Mazda CX-30 2025","3089013","3MVDMBBM1SM798816","2026-01-13 10:00 AM","2026-01-19 06:00 AM","17801 International Boulevard, Seattle, WA 98158","17801 International Boulevard, Seattle, WA 98158","Completed","25314","25946","632","6","$232.20","$0.00","- $23.22","$0.00","$0.00","$0.00","$0.00","$0.00","$0.00","$0.00","$0.00","$0.00","$0.00","$0.00","$0.00","$0.00","$0.00","$0.00","$0.00","$0.00","$0.00","$5.70","$0.00","$0.00","$0.00","$0.00","$0.00","$41.04","$0.00","$0.00","$0.00","$255.72"
"53044605","Mohammad Q.","#5 CX-30 CPR8911 (WA #CPR8911)","Mazda CX-30 2025","3090357","3MVDMBBM1SM805876","2026-02-12 02:00 PM","2026-02-14 09:30 PM","17801 International Boulevard, Seattle, WA 98158","17801 International Boulevard, Seattle, WA 98158","Guest cancellation","","","","3","$0.00","$0.00","$0.00","$0.00","$0.00","$0.00","$0.00","$0.00","$0.00","$0.00","$0.00","$0.00","$0.00","$0.00","$0.00","$0.00","$0.00","$0.00","$0.00","$0.00","$0.00","$0.00","$0.00","$0.00","$0.00","$0.00","$0.00","$0.00","$0.00","$0.00","$0.00","$0.00"
"53053981","William G.","#1 Bronco Sport CSD5744 (WA #CSD5744)","Ford Bronco Sport 2024","3090505","3FMCR9B67RRF51219","2026-03-09 10:30 AM","2026-03-12 08:00 PM","17801 International Boulevard, Seattle, WA 98158","17801 International Boulevard, Seattle, WA 98158","Completed","26826","27131","305","4","$179.10","$0.00","- $17.91","$0.00","$0.00","$0.00","$0.00","$0.00","$0.00","$0.00","$0.00","$0.00","$0.00","$0.00","$0.00","$0.00","$0.00","$0.00","$0.00","$0.00","$0.00","$0.00","$0.00","$0.00","$0.00","$0.00","$0.00","$0.00","$0.00","$0.00","$0.00","$161.19"
"53063399","Patricia P.","#11 Outback CMV2996 (WA #CMV2996)","Subaru Outback 2024","3092194","4S4BTACC7R3286674","2026-01-19 10:00 AM","2026-01-21 06:00 PM","6411 Elliott Way, Everett, WA 98203","6411 Elliott Way, Everett, WA 98203","Completed","28760","29019","259","3","$117.90","$0.00","- $11.79","$0.00","$0.00","$0.00","$0.00","$0.00","$0.00","$0.00","$0.00","$0.00","$108.00","$0.00","$0.00","$0.00","$0.00","$0.00","$0.00","$0.00","$0.00","$0.00","$0.00","$0.00","$0.00","$0.00","$0.00","$0.00","$0.00","$0.00","$0.00","$214.11"
"53076924","Shannon R.","#11 Outback CMV2996 (WA #CMV2996)","Subaru Outback 2024","3092194","4S4BTACC7R3286674","2026-01-29 02:00 PM","2026-02-01 07:00 PM","17801 International Boulevard, Seattle, WA 98158","17801 International Boulevard, Seattle, WA 98158","Guest cancellation","","","","4","$0.00","$0.00","$0.00","$0.00","$0.00","$0.00","$0.00","$0.00","$0.00","$0.00","$0.00","$0.00","$0.00","$0.00","$0.00","$0.00","$0.00","$0.00","$0.00","$0.00","$0.00","$0.00","$0.00","$0.00","$0.00","$0.00","$0.00","$0.00","$0.00","$0.00","$0.00","$0.00"
"53080432","Rylie F.","#1 Bronco Sport CSD5744 (WA #CSD5744)","Ford Bronco Sport 2024","3090505","3FMCR9B67RRF51219","2026-03-13 09:30 AM","2026-03-16 10:00 PM","17801 International Boulevard, Seattle, WA 98158","17801 International Boulevard, Seattle, WA 98158","Completed","27131","27661","530","4","$205.20","$0.00","- $20.52","$0.00","$0.00","$0.00","$0.00","$0.00","$0.00","$0.00","$0.00","$0.00","$0.00","$0.00","$0.00","$0.00","$0.00","$0.00","$0.00","$0.00","$0.00","$4.50","$0.00","$0.00","$0.00","$0.00","$0.00","$0.00","$0.00","$0.00","$0.00","$189.18"
"53081149","Farren W.","# 9 Outback CGS9019 (WA #CGS9019)","Subaru Outback 2023","3168172","4S4BTACC4P3208642","2026-01-14 02:30 PM","2026-01-16 11:00 AM","17801 International Boulevard, Seattle, WA 98158","17801 International Boulevard, Seattle, WA 98158","Completed","56645","56707","62","2","$72.00","$0.00","$0.00","$0.00","$0.00","$0.00","$0.00","$0.00","$0.00","$0.00","$0.00","$0.00","$27.00","$0.00","$0.00","$0.00","$0.00","$0.00","$0.00","$0.00","$0.00","$3.10","$0.00","$0.00","$0.00","$0.00","$0.00","$0.00","$0.00","$0.00","$0.00","$102.10"
"53096389","DONALD EUGENE B.","#1 Bronco Sport CSD5744 (WA #CSD5744)","Ford Bronco Sport 2024","3090505","3FMCR9B67RRF51219","2026-02-04 10:30 PM","2026-02-08 08:00 AM","17801 International Boulevard, Seattle, WA 98158","17801 International Boulevard, Seattle, WA 98158","Completed","24769","25060","291","4","$192.60","$0.00","- $19.26","$0.00","$0.00","$0.00","$0.00","$0.00","$0.00","$0.00","$0.00","$0.00","$0.00","$0.00","$0.00","$0.00","$0.00","$0.00","$0.00","$0.00","$0.00","$0.00","$0.00","$0.00","$0.00","$0.00","$0.00","$0.00","$0.00","$0.00","$0.00","$173.34"
"53097477","Naren S.","#3 CR-V CSJ1646 (WA #CSJ1646)","Honda CR-V 2025","3148718","2HKRS4H21SH443987","2026-01-27 01:00 PM","2026-01-30 01:00 PM","17801 International Boulevard, Seattle, WA 98158","17801 International Boulevard, Seattle, WA 98158","Guest cancellation","","","","3","$0.00","$0.00","$0.00","$0.00","$0.00","$0.00","$0.00","$0.00","$0.00","$0.00","$0.00","$0.00","$0.00","$0.00","$0.00","$0.00","$0.00","$0.00","$0.00","$0.00","$0.00","$0.00","$0.00","$0.00","$0.00","$0.00","$0.00","$0.00","$0.00","$0.00","$0.00","$0.00"
"53118835","Palaniappan M.","#6 CX-50 CTL3409 (WA #CTL3409)","Mazda CX-50 2025","3194251","7MMVABAM2SN362658","2026-05-24 11:30 AM","2026-05-30 10:00 AM","17801 International Boulevard, Seattle, WA 98158","17801 International Boulevard, Seattle, WA 98158","Guest cancellation","","","","6","$0.00","$0.00","$0.00","$0.00","$0.00","$0.00","$0.00","$0.00","$0.00","$0.00","$0.00","$0.00","$0.00","$0.00","$0.00","$0.00","$0.00","$0.00","$0.00","$0.00","$0.00","$0.00","$0.00","$0.00","$0.00","$0.00","$0.00","$0.00","$0.00","$0.00","$0.00","$0.00"
"53127824","Darren D.","#8 Ascent CMW9721 (WA #CMW9721)","Subaru Ascent 2024","3344650","4S4WMAND8R3441754","2026-01-15 07:00 PM","2026-01-17 05:30 PM","17801 International Boulevard, Seattle, WA 98158","17801 International Boulevard, Seattle, WA 98158","Completed","36535","","","2","$95.40","$0.00","$0.00","$0.00","$0.00","$0.00","$0.00","$0.00","$0.00","$0.00","$0.00","$0.00","$27.00","$0.00","$0.00","$0.00","$0.00","$0.00","$0.00","$0.00","$0.00","$0.00","$0.00","$0.00","$0.00","$0.00","$0.00","$0.00","$0.00","$0.00","$0.00","$122.40"
"53131597","Victoria C.","#4 CX-30 CPR8256 (WA #CPR8256)","Mazda CX-30 2025","3089013","3MVDMBBM1SM798816","2026-02-06 08:00 AM","2026-02-09 03:30 PM","17801 International Boulevard, Seattle, WA 98158","17801 International Boulevard, Seattle, WA 98158","Completed","27320","","","4","$163.80","$0.00","- $16.38","$0.00","$0.00","$0.00","$0.00","$0.00","$0.00","$0.00","$0.00","$0.00","$0.00","$0.00","$0.00","$0.00","$0.00","$0.00","$0.00","$0.00","$0.00","$0.00","$0.00","$0.00","$0.00","$0.00","$0.00","$0.00","$0.00","$0.00","$0.00","$147.42"
"53139595","Eamon D.","#10 Outback CHW4262 (WA #CHW4262)","Subaru Outback 2023","3374613","4S4BTACC8P3213469","2026-01-22 05:00 PM","2026-01-25 03:00 PM","17801 International Boulevard, Seattle, WA 98158","17801 International Boulevard, Seattle, WA 98158","Completed","69736","69952","216","3","$138.60","$0.00","- $13.86","$0.00","$0.00","$0.00","$0.00","$0.00","$0.00","$0.00","$0.00","$0.00","$0.00","$0.00","$0.00","$0.00","$0.00","$0.00","$0.00","$0.00","$0.00","$0.00","$0.00","$0.00","$0.00","$0.00","$0.00","$0.00","$0.00","$0.00","$0.00","$124.74"
"53168356","Ivan W.","#8 Ascent CMW9721 (WA #CMW9721)","Subaru Ascent 2024","3344650","4S4WMAND8R3441754","2026-01-21 05:30 PM","2026-01-25 02:00 PM","17801 International Boulevard, Seattle, WA 98158","17801 International Boulevard, Seattle, WA 98158","Completed","37120","","","4","$207.00","$0.00","- $20.70","$0.00","$0.00","$0.00","$0.00","$0.00","$0.00","$0.00","$0.00","$0.00","$0.00","$0.00","$0.00","$0.00","$0.00","$0.00","$0.00","$0.00","$0.00","$2.80","$0.00","$0.00","$0.00","$0.00","$0.00","$0.00","$0.00","$0.00","$0.00","$189.10"
"53169088","Isaiah S.","#6 CX-50 CTL3409 (WA #CTL3409)","Mazda CX-50 2025","3194251","7MMVABAM2SN362658","2026-01-23 09:30 AM","2026-01-25 12:00 PM","17801 International Boulevard, Seattle, WA 98158","17801 International Boulevard, Seattle, WA 98158","Completed","16771","17610","839","3","$132.30","$0.00","- $13.23","$0.00","$0.00","$0.00","$0.00","$0.00","$0.00","$0.00","$0.00","$0.00","$0.00","$0.00","$0.00","$0.00","$0.00","$0.00","$0.00","$0.00","$0.00","$0.00","$0.00","$0.00","$0.00","$0.00","$0.00","$0.00","$0.00","$0.00","$0.00","$119.07"
"53201885","Rebecca B.","#1 Bronco Sport CSD5744 (WA #CSD5744)","Ford Bronco Sport 2024","3090505","3FMCR9B67RRF51219","2026-01-17 11:00 AM","2026-01-20 11:00 AM","17801 International Boulevard, Seattle, WA 98158","17801 International Boulevard, Seattle, WA 98158","Completed","23630","23897","267","3","$130.50","$0.00","- $13.05","$0.00","$0.00","$0.00","$0.00","$0.00","$0.00","$0.00","$0.00","$0.00","$0.00","$0.00","$0.00","$0.00","$0.00","$0.00","$0.00","$0.00","$0.00","$0.00","$0.00","$0.00","$0.00","$0.00","$0.00","$0.00","$0.00","$0.00","$0.00","$117.45"
"53215118","Joshua M.","#11 Outback CMV2996 (WA #CMV2996)","Subaru Outback 2024","3092194","4S4BTACC7R3286674","2026-02-24 11:00 PM","2026-02-28 02:00 PM","17801 International Boulevard, Seattle, WA 98158","17801 International Boulevard, Seattle, WA 98158","Completed","31647","32009","362","4","$198.90","$0.00","- $19.89","$0.00","$0.00","$0.00","$0.00","$0.00","$0.00","$0.00","$0.00","$0.00","$0.00","$0.00","$0.00","$0.00","$0.00","$0.00","$0.00","$0.00","$0.00","$0.00","$0.00","$0.00","$0.00","$0.00","$0.00","$0.00","$0.00","$0.00","$0.00","$179.01"
"53221417","Brian M.","#6 CX-50 CTL3409 (WA #CTL3409)","Mazda CX-50 2025","3194251","7MMVABAM2SN362658","2026-01-18 11:30 AM","2026-01-22 12:00 PM","17801 International Boulevard, Seattle, WA 98158","17801 International Boulevard, Seattle, WA 98158","Completed","16425","16769","344","5","$203.40","$0.00","- $20.34","$0.00","$0.00","$0.00","$0.00","$0.00","$0.00","$0.00","$0.00","$0.00","$0.00","$0.00","$0.00","$0.00","$0.00","$0.00","$0.00","$0.00","$0.00","$0.00","$0.00","$0.00","$0.00","$0.00","$0.00","$73.65","$0.00","$0.00","$0.00","$256.71"
"53224158","Daren B.","#6 CX-50 CTL3409 (WA #CTL3409)","Mazda CX-50 2025","3194251","7MMVABAM2SN362658","2026-02-06 06:00 PM","2026-02-08 06:00 PM","17801 International Boulevard, Seattle, WA 98158","17801 International Boulevard, Seattle, WA 98158","Completed","19008","19132","124","2","$106.20","$0.00","$0.00","$0.00","$0.00","$0.00","$0.00","$0.00","$0.00","$0.00","$0.00","$0.00","$27.00","$0.00","$0.00","$0.00","$0.00","$0.00","$0.00","$0.00","$0.00","$0.00","$0.00","$0.00","$0.00","$0.00","$0.00","$0.00","$0.00","$0.00","$0.00","$133.20"
"53228922","Jingjing S.","#11 Outback CMV2996 (WA #CMV2996)","Subaru Outback 2024","3092194","4S4BTACC7R3286674","2026-02-14 01:00 PM","2026-02-16 04:00 PM","17801 International Boulevard, Seattle, WA 98158","17801 International Boulevard, Seattle, WA 98158","Completed","30338","30585","247","3","$153.90","$0.00","- $15.39","$0.00","$0.00","$0.00","$0.00","$0.00","$0.00","$0.00","$0.00","$0.00","$0.00","$0.00","$0.00","$0.00","$0.00","$0.00","$0.00","$0.00","$0.00","$0.00","$0.00","$0.00","$0.00","$0.00","$0.00","$0.00","$0.00","$0.00","$0.00","$138.51"
"53233354","Yaisa H.","#5 CX-30 CPR8911 (WA #CPR8911)","Mazda CX-30 2025","3090357","3MVDMBBM1SM805876","2026-02-26 09:30 PM","2026-03-02 10:30 AM","17801 International Boulevard, Seattle, WA 98158","17801 International Boulevard, Seattle, WA 98158","Completed","28206","","","4","$158.40","$0.00","- $15.84","$0.00","$0.00","$0.00","$0.00","$0.00","$0.00","$0.00","$0.00","$0.00","$0.00","$0.00","$0.00","$0.00","$0.00","$0.00","$0.00","$0.00","$0.00","$4.50","$0.00","$0.00","$0.00","$0.00","$0.00","$0.00","$0.00","$0.00","$0.00","$147.06"
"53234358","Naren S.","#3 CR-V CSJ1646 (WA #CSJ1646)","Honda CR-V 2025","3148718","2HKRS4H21SH443987","2026-01-27 01:00 PM","2026-01-30 01:00 PM","17801 International Boulevard, Seattle, WA 98158","17801 International Boulevard, Seattle, WA 98158","Guest cancellation","","","","3","$0.00","$0.00","$0.00","$0.00","$0.00","$0.00","$0.00","$0.00","$0.00","$0.00","$0.00","$0.00","$0.00","$0.00","$0.00","$0.00","$0.00","$0.00","$0.00","$0.00","$0.00","$0.00","$0.00","$0.00","$0.00","$0.00","$0.00","$0.00","$0.00","$0.00","$0.00","$0.00"
"53262799","Hunter T.","#4 CX-30 CPR8256 (WA #CPR8256)","Mazda CX-30 2025","3089013","3MVDMBBM1SM798816","2026-02-22 03:00 PM","2026-02-27 09:00 AM","17801 International Boulevard, Seattle, WA 98158","17801 International Boulevard, Seattle, WA 98158","Guest cancellation","","","","5","$0.00","$0.00","$0.00","$0.00","$0.00","$0.00","$0.00","$0.00","$0.00","$0.00","$0.00","$0.00","$0.00","$0.00","$0.00","$0.00","$0.00","$0.00","$0.00","$0.00","$0.00","$0.00","$0.00","$0.00","$0.00","$0.00","$0.00","$0.00","$0.00","$0.00","$0.00","$0.00"
"53269678","Azra M.","#5 CX-30 CPR8911 (WA #CPR8911)","Mazda CX-30 2025","3090357","3MVDMBBM1SM805876","2026-02-11 10:00 AM","2026-02-15 09:30 AM","17801 International Boulevard, Seattle, WA 98158","17801 International Boulevard, Seattle, WA 98158","Completed","27209","27759","550","4","$160.20","$0.00","- $16.02","$0.00","$0.00","$0.00","$0.00","$0.00","$0.00","$0.00","$0.00","$0.00","$0.00","$0.00","$0.00","$0.00","$0.00","$0.00","$0.00","$0.00","$0.00","$0.00","$0.00","$0.00","$0.00","$0.00","$0.00","$0.00","$0.00","$0.00","$0.00","$144.18"
"53273030","Tommy V.","#1 Bronco Sport CSD5744 (WA #CSD5744)","Ford Bronco Sport 2024","3090505","3FMCR9B67RRF51219","2026-03-20 08:30 AM","2026-03-23 09:30 PM","17801 International Boulevard, Seattle, WA 98158","17801 International Boulevard, Seattle, WA 98158","Completed","27664","28060","396","4","$206.10","$0.00","- $20.61","$0.00","$0.00","$0.00","$0.00","$0.00","$0.00","$0.00","$0.00","$0.00","$0.00","$0.00","$0.00","$0.00","$0.00","$0.00","$0.00","$0.00","$0.00","$0.00","$0.00","$0.00","$0.00","$0.00","$0.00","$0.00","$0.00","$0.00","$0.00","$185.49"
"53279355","Melissa M.","#5 CX-30 CPR8911 (WA #CPR8911)","Mazda CX-30 2025","3090357","3MVDMBBM1SM805876","2026-03-11 03:00 PM","2026-03-16 10:30 AM","17801 International Boulevard, Seattle, WA 98158","17801 International Boulevard, Seattle, WA 98158","Completed","29617","30093","476","5","$204.30","$0.00","- $20.43","$0.00","$0.00","$0.00","$0.00","$0.00","$0.00","$0.00","$0.00","$0.00","$0.00","$0.00","$0.00","$0.00","$0.00","$0.00","$0.00","$0.00","$0.00","$0.00","$0.00","$0.00","$0.00","$0.00","$0.00","$0.00","$0.00","$0.00","$0.00","$183.87"
"53279700","Rebecca B.","#4 CX-30 CPR8256 (WA #CPR8256)","Mazda CX-30 2025","3089013","3MVDMBBM1SM798816","2026-01-20 11:00 AM","2026-01-24 11:00 AM","17801 International Boulevard, Seattle, WA 98158","17801 International Boulevard, Seattle, WA 98158","Completed","26038","26239","201","4","$162.00","$0.00","- $16.20","$0.00","$0.00","$0.00","$0.00","$0.00","$0.00","$0.00","$0.00","$0.00","$0.00","$0.00","$0.00","$0.00","$0.00","$0.00","$0.00","$0.00","$0.00","$0.00","$0.00","$0.00","$0.00","$0.00","$0.00","$0.00","$0.00","$0.00","$0.00","$145.80"
"53285049","Jennifer S.","#10 Outback CHW4262 (WA #CHW4262)","Subaru Outback 2023","3374613","4S4BTACC8P3213469","2026-02-05 07:30 PM","2026-02-11 12:00 PM","17801 International Boulevard, Seattle, WA 98158","17801 International Boulevard, Seattle, WA 98158","Guest cancellation","","","","6","$0.00","$0.00","$0.00","$0.00","$0.00","$0.00","$0.00","$0.00","$0.00","$0.00","$0.00","$0.00","$0.00","$0.00","$0.00","$0.00","$0.00","$0.00","$0.00","$0.00","$0.00","$0.00","$0.00","$0.00","$0.00","$0.00","$0.00","$0.00","$0.00","$0.00","$0.00","$0.00"
"53285063","Michell L.","#4 CX-30 CPR8256 (WA #CPR8256)","Mazda CX-30 2025","3089013","3MVDMBBM1SM798816","2026-01-26 01:00 PM","2026-01-29 10:30 AM","17801 International Boulevard, Seattle, WA 98158","17801 International Boulevard, Seattle, WA 98158","Guest cancellation","","","","3","$0.00","$0.00","$0.00","$0.00","$0.00","$0.00","$0.00","$0.00","$0.00","$0.00","$0.00","$0.00","$0.00","$0.00","$0.00","$0.00","$0.00","$0.00","$0.00","$0.00","$0.00","$0.00","$0.00","$0.00","$0.00","$0.00","$0.00","$0.00","$0.00","$0.00","$0.00","$0.00"
"53286453","Kiersten M.","#5 CX-30 CPR8911 (WA #CPR8911)","Mazda CX-30 2025","3090357","3MVDMBBM1SM805876","2026-01-26 10:30 AM","2026-01-30 06:30 PM","17801 International Boulevard, Seattle, WA 98158","17801 International Boulevard, Seattle, WA 98158","Completed","26641","26830","189","5","$180.00","$0.00","- $18.00","$0.00","$0.00","$0.00","$0.00","$0.00","$0.00","$0.00","$0.00","$0.00","$0.00","$0.00","$0.00","$0.00","$0.00","$0.00","$0.00","$0.00","$0.00","$0.00","$0.00","$0.00","$0.00","$0.00","$0.00","$0.00","$0.00","$0.00","$0.00","$162.00"
"53290474","Lillian V.","#4 CX-30 CPR8256 (WA #CPR8256)","Mazda CX-30 2025","3089013","3MVDMBBM1SM798816","2026-03-02 09:30 AM","2026-03-05 10:30 AM","17801 International Boulevard, Seattle, WA 98158","17801 International Boulevard, Seattle, WA 98158","Completed","29357","29999","642","4","$142.20","$0.00","- $14.22","$0.00","$0.00","$0.00","$0.00","$0.00","$0.00","$0.00","$0.00","$0.00","$0.00","$0.00","$0.00","$0.00","$0.00","$0.00","$0.00","$0.00","$0.00","$4.50","$0.00","$0.00","$0.00","$0.00","$0.00","$0.00","$0.00","$0.00","$0.00","$132.48"
"53291276","Marcelle L.","#11 Outback CMV2996 (WA #CMV2996)","Subaru Outback 2024","3092194","4S4BTACC7R3286674","2026-01-22 11:00 AM","2026-01-25 02:00 PM","17801 International Boulevard, Seattle, WA 98158","17801 International Boulevard, Seattle, WA 98158","Completed","29067","29169","102","4","$180.00","$0.00","- $18.00","$0.00","$0.00","$0.00","$0.00","$0.00","$0.00","$0.00","$0.00","$0.00","$0.00","$0.00","$0.00","$0.00","$0.00","$0.00","$0.00","$0.00","$0.00","$0.00","$0.00","$0.00","$0.00","$0.00","$0.00","$0.00","$0.00","$0.00","$0.00","$162.00"
"53304780","Wade B.","# 9 Outback CGS9019 (WA #CGS9019)","Subaru Outback 2023","3168172","4S4BTACC4P3208642","2026-01-23 07:00 PM","2026-01-26 04:00 PM","17801 International Boulevard, Seattle, WA 98158","17801 International Boulevard, Seattle, WA 98158","Completed","57162","57537","375","3","$152.10","$0.00","- $15.21","$0.00","$0.00","$0.00","$0.00","$0.00","$0.00","$0.00","$0.00","$0.00","$0.00","$0.00","$0.00","$0.00","$0.00","$0.00","$0.00","$0.00","$0.00","$9.00","$0.00","$0.00","$0.00","$0.00","$0.00","$0.00","$0.00","$0.00","$0.00","$145.89"
"53315163","Eric K.","#8 Ascent CMW9721 (WA #CMW9721)","Subaru Ascent 2024","3344650","4S4WMAND8R3441754","2026-02-12 10:00 AM","2026-02-18 09:00 AM","17801 International Boulevard, Seattle, WA 98158","17801 International Boulevard, Seattle, WA 98158","Completed","38003","38438","435","6","$344.70","$0.00","- $34.47","$0.00","$0.00","$0.00","$0.00","$0.00","$0.00","$0.00","$0.00","$0.00","$0.00","$0.00","$27.00","$0.00","$0.00","$0.00","$0.00","$0.00","$0.00","$1.55","$0.00","$0.00","$0.00","$0.00","$0.00","$0.00","$0.00","$0.00","$0.00","$338.78"
"53315388","Lenka B.","#4 CX-30 CPR8256 (WA #CPR8256)","Mazda CX-30 2025","3089013","3MVDMBBM1SM798816","2026-01-30 11:00 AM","2026-02-05 11:00 AM","707 South Grady Way, Renton, WA 98057","707 South Grady Way, Renton, WA 98057","Completed","26457","27315","858","6","$225.90","$0.00","- $22.59","$0.00","$0.00","$0.00","$0.00","$0.00","$0.00","- $22.59","$0.00","$0.00","$0.00","$0.00","$0.00","$0.00","$0.00","$0.00","$0.00","$0.00","$0.00","$2.50","$0.00","$0.00","$0.00","$0.00","$0.00","$39.76","$0.00","$0.00","$0.00","$222.98"
"53320631","Brittany K.","#5 CX-30 CPR8911 (WA #CPR8911)","Mazda CX-30 2025","3090357","3MVDMBBM1SM805876","2026-02-18 02:00 PM","2026-02-22 10:00 AM","17801 International Boulevard, Seattle, WA 98158","17801 International Boulevard, Seattle, WA 98158","Guest cancellation","","","","4","$0.00","$0.00","$0.00","$0.00","$0.00","$0.00","$0.00","$0.00","$0.00","$0.00","$0.00","$0.00","$0.00","$0.00","$0.00","$0.00","$0.00","$0.00","$0.00","$0.00","$0.00","$0.00","$0.00","$0.00","$0.00","$0.00","$0.00","$0.00","$0.00","$0.00","$0.00","$0.00"
"53320981","Brittany K.","#5 CX-30 CPR8911 (WA #CPR8911)","Mazda CX-30 2025","3090357","3MVDMBBM1SM805876","2026-02-18 02:00 PM","2026-02-22 10:00 AM","17801 International Boulevard, Seattle, WA 98158","17801 International Boulevard, Seattle, WA 98158","Completed","27872","","","4","$164.70","$0.00","- $16.47","$0.00","$0.00","$0.00","$0.00","$0.00","$0.00","- $16.47","$0.00","$0.00","$0.00","$0.00","$0.00","$0.00","$0.00","$0.00","$0.00","$0.00","$0.00","$9.95","$0.00","$0.00","$0.00","$0.00","$0.00","$0.00","$0.00","$0.00","$0.00","$141.71"
"53324096","Ithran S.","#1 Bronco Sport CSD5744 (WA #CSD5744)","Ford Bronco Sport 2024","3090505","3FMCR9B67RRF51219","2026-02-01 02:00 PM","2026-02-04 10:00 AM","17801 International Boulevard, Seattle, WA 98158","17801 International Boulevard, Seattle, WA 98158","Completed","24608","24769","161","3","$131.40","$0.00","- $13.14","$0.00","$0.00","$0.00","$0.00","$0.00","$0.00","- $13.14","$0.00","$0.00","$0.00","$0.00","$0.00","$0.00","$0.00","$0.00","$0.00","$0.00","$0.00","$4.20","$0.00","$0.00","$0.00","$0.00","$0.00","$0.00","$0.00","$0.00","$0.00","$109.32"
"53332418","Corey A.","#8 Ascent CMW9721 (WA #CMW9721)","Subaru Ascent 2024","3344650","4S4WMAND8R3441754","2026-01-28 07:30 PM","2026-02-01 05:30 PM","17801 International Boulevard, Seattle, WA 98158","17801 International Boulevard, Seattle, WA 98158","Completed","37321","37595","274","4","$207.90","$0.00","- $20.79","$0.00","$0.00","$0.00","$0.00","$0.00","$0.00","$0.00","$0.00","$0.00","$0.00","$0.00","$0.00","$0.00","$0.00","$0.00","$0.00","$0.00","$0.00","$0.00","$0.00","$0.00","$0.00","$0.00","$0.00","$0.00","$0.00","$0.00","$0.00","$187.11"
"53353065","Lindsey R.","#1 Bronco Sport CSD5744 (WA #CSD5744)","Ford Bronco Sport 2024","3090505","3FMCR9B67RRF51219","2026-01-26 08:30 PM","2026-01-31 07:00 AM","17801 International Boulevard, Seattle, WA 98158","17801 International Boulevard, Seattle, WA 98158","Completed","24376","24608","232","5","$219.60","$0.00","- $21.96","$0.00","$0.00","$0.00","$0.00","$0.00","$0.00","- $21.96","$0.00","$0.00","$0.00","$0.00","$0.00","$0.00","$0.00","$0.00","$0.00","$0.00","$0.00","$0.00","$0.00","$0.00","$0.00","$0.00","$0.00","$0.00","$0.00","$0.00","$0.00","$175.68"
"53361793","Pramod J.","#10 Outback CHW4262 (WA #CHW4262)","Subaru Outback 2023","3374613","4S4BTACC8P3213469","2026-06-14 03:30 PM","2026-06-20 10:30 AM","17801 International Boulevard, Seattle, WA 98158","17801 International Boulevard, Seattle, WA 98158","Completed","78392","","","6","$480.60","$0.00","- $48.06","$0.00","$0.00","$0.00","$0.00","$0.00","$0.00","- $43.25","$0.00","$0.00","$0.00","$0.00","$0.00","$0.00","$0.00","$0.00","$0.00","$0.00","$0.00","$0.00","$0.00","$0.00","$0.00","$0.00","$0.00","$0.00","$0.00","$0.00","$0.00","$389.29"
"53376840","Ken H.","# 9 Outback CGS9019 (WA #CGS9019)","Subaru Outback 2023","3168172","4S4BTACC4P3208642","2026-02-02 12:30 PM","2026-02-05 12:00 PM","17801 International Boulevard, Seattle, WA 98158","17801 International Boulevard, Seattle, WA 98158","Completed","58007","","","3","$125.10","$0.00","- $12.51","$0.00","$0.00","$0.00","$0.00","$0.00","$0.00","- $12.51","$0.00","$0.00","$0.00","$0.00","$0.00","$0.00","$0.00","$0.00","$0.00","$0.00","$0.00","$8.85","$0.00","$0.00","$0.00","$0.00","$0.00","$0.00","$0.00","$0.00","$0.00","$108.93"
"53381359","Sylvia G.","#5 CX-30 CPR8911 (WA #CPR8911)","Mazda CX-30 2025","3090357","3MVDMBBM1SM805876","2026-03-03 11:00 PM","2026-03-09 02:30 PM","17801 International Boulevard, Seattle, WA 98158","17801 International Boulevard, Seattle, WA 98158","Completed","29120","29475","355","6","$231.30","$0.00","- $18.99","$0.00","$0.00","$0.00","$0.00","$0.00","$0.00","- $23.13","$0.00","$0.00","$27.00","$0.00","$0.00","$0.00","$0.00","$0.00","$0.00","$0.00","$0.00","$147.95","$0.00","$0.00","$0.00","$0.00","$0.00","$0.00","$0.00","$0.00","$0.00","$364.13"
"53405057","Bethany C.","#8 Ascent CMW9721 (WA #CMW9721)","Subaru Ascent 2024","3344650","4S4WMAND8R3441754","2026-02-05 03:00 PM","2026-02-08 02:00 PM","17801 International Boulevard, Seattle, WA 98158","17801 International Boulevard, Seattle, WA 98158","Guest cancellation","","","","3","$0.00","$0.00","$0.00","$0.00","$0.00","$0.00","$0.00","$0.00","$0.00","$0.00","$0.00","$0.00","$0.00","$0.00","$0.00","$0.00","$0.00","$0.00","$0.00","$0.00","$0.00","$0.00","$0.00","$0.00","$0.00","$0.00","$0.00","$0.00","$0.00","$0.00","$0.00","$0.00"
"53406779","Michell L.","#3 CR-V CSJ1646 (WA #CSJ1646)","Honda CR-V 2025","3148718","2HKRS4H21SH443987","2026-01-26 01:00 PM","2026-01-30 10:00 AM","17801 International Boulevard, Seattle, WA 98158","17801 International Boulevard, Seattle, WA 98158","Completed","21674","22074","400","4","$162.00","$0.00","- $16.20","$0.00","$0.00","$0.00","$0.00","$0.00","$0.00","$0.00","$0.00","$0.00","$0.00","$0.00","$0.00","$0.00","$0.00","$0.00","$0.00","$0.00","$0.00","$0.00","$0.00","$0.00","$0.00","$0.00","$0.00","$0.00","$0.00","$0.00","$0.00","$145.80"
"53409337","Sara H.","#11 Outback CMV2996 (WA #CMV2996)","Subaru Outback 2024","3092194","4S4BTACC7R3286674","2026-04-13 02:00 PM","2026-04-18 06:00 PM","17801 International Boulevard, Seattle, WA 98158","17801 International Boulevard, Seattle, WA 98158","Guest cancellation","","","","6","$0.00","$0.00","$0.00","$0.00","$0.00","$0.00","$0.00","$0.00","$0.00","$0.00","$0.00","$0.00","$0.00","$0.00","$0.00","$0.00","$0.00","$0.00","$0.00","$0.00","$0.00","$0.00","$0.00","$0.00","$0.00","$0.00","$0.00","$0.00","$0.00","$0.00","$0.00","$0.00"
"53410082","Megan S.","#8 Ascent CMW9721 (WA #CMW9721)","Subaru Ascent 2024","3344650","4S4WMAND8R3441754","2026-06-17 10:30 PM","2026-06-22 10:00 AM","17801 International Boulevard, Seattle, WA 98158","17801 International Boulevard, Seattle, WA 98158","Completed","44068","44432","364","5","$569.70","$0.00","- $56.97","$0.00","$0.00","$0.00","$0.00","$0.00","$0.00","- $51.27","$0.00","$0.00","$0.00","$0.00","$67.50","$0.00","$0.00","$0.00","$0.00","$0.00","$0.00","$0.00","$0.00","$0.00","$0.00","$0.00","$0.00","$0.00","$0.00","$0.00","$0.00","$528.96"
"53410147","Carlos C.","#3 CR-V CSJ1646 (WA #CSJ1646)","Honda CR-V 2025","3148718","2HKRS4H21SH443987","2026-02-13 11:00 PM","2026-02-17 07:00 AM","17801 International Boulevard, Seattle, WA 98158","17801 International Boulevard, Seattle, WA 98158","Completed","22575","","","4","$207.90","$0.00","- $20.79","$0.00","$0.00","$0.00","$0.00","$0.00","$0.00","- $20.79","$0.00","$0.00","$0.00","$0.00","$0.00","$0.00","$0.00","$0.00","$0.00","$0.00","$0.00","$0.00","$0.00","$0.00","$0.00","$0.00","$0.00","$0.00","$0.00","$0.00","$0.00","$166.32"
"53420206","Noah Z.","# 9 Outback CGS9019 (WA #CGS9019)","Subaru Outback 2023","3168172","4S4BTACC4P3208642","2026-02-07 12:00 PM","2026-02-10 07:00 AM","17801 International Boulevard, Seattle, WA 98158","17801 International Boulevard, Seattle, WA 98158","Completed","58141","58445","304","3","$144.00","$0.00","- $14.40","$0.00","$0.00","$0.00","$0.00","$0.00","$0.00","- $14.40","$0.00","$0.00","$0.00","$0.00","$0.00","$0.00","$0.00","$0.00","$0.00","$0.00","$0.00","$0.00","$0.00","$0.00","$0.00","$0.00","$0.00","$0.00","$0.00","$0.00","$0.00","$115.20"
"53432830","John H.","#10 Outback CHW4262 (WA #CHW4262)","Subaru Outback 2023","3374613","4S4BTACC8P3213469","2026-02-05 09:00 AM","2026-02-11 12:00 PM","17801 International Boulevard, Seattle, WA 98158","17801 International Boulevard, Seattle, WA 98158","Completed","70468","70621","153","7","$295.20","$0.00","$0.00","- $59.04","$0.00","$0.00","$0.00","$0.00","$0.00","- $29.52","$0.00","$0.00","$27.00","$0.00","$0.00","$0.00","$0.00","$0.00","$0.00","$0.00","$0.00","$0.00","$0.00","$0.00","$0.00","$0.00","$0.00","$0.00","$0.00","$0.00","$0.00","$233.64"
"53445266","Nafateria H.","#12 Ford Bronco Sport SWA7154 (WA #CWA7154)","Ford Bronco Sport 2025","3549192","3FMCR9BN7SRF76361","2026-01-28 03:30 PM","2026-02-03 08:00 PM","17801 International Boulevard, Seattle, WA 98158","17801 International Boulevard, Seattle, WA 98158","Completed","296","744","448","7","$310.50","$0.00","$0.00","- $62.10","$0.00","$0.00","$0.00","$0.00","$0.00","$0.00","$0.00","$0.00","$0.00","$0.00","$0.00","$0.00","$0.00","$0.00","$0.00","$0.00","$0.00","$18.20","$0.00","$0.00","$0.00","$0.00","$0.00","$0.00","$0.00","$0.00","$0.00","$266.60"
"53455060","Mike L.","#11 Outback CMV2996 (WA #CMV2996)","Subaru Outback 2024","3092194","4S4BTACC7R3286674","2026-04-18 09:30 PM","2026-04-26 10:30 AM","17801 International Boulevard, Seattle, WA 98158","17801 International Boulevard, Seattle, WA 98158","Completed","33991","","","8","$402.30","$0.00","$0.00","- $60.34","$0.00","$0.00","$0.00","$0.00","$0.00","$0.00","$0.00","$0.00","$0.00","$0.00","$0.00","$0.00","$0.00","$0.00","$0.00","$0.00","$0.00","$0.00","$0.00","$0.00","$0.00","$0.00","$0.00","$0.00","$0.00","$0.00","$0.00","$341.96"
"53455171","Greta E.","#12 Ford Bronco Sport SWA7154 (WA #CWA7154)","Ford Bronco Sport 2025","3549192","3FMCR9BN7SRF76361","2026-09-09 10:00 AM","2026-09-14 10:00 AM","707 South Grady Way, Renton, WA 98057","707 South Grady Way, Renton, WA 98057","Booked","","","","5","$349.20","$0.00","- $34.92","$0.00","$0.00","$0.00","$0.00","$0.00","$0.00","$0.00","$0.00","$0.00","$0.00","$0.00","$0.00","$0.00","$0.00","$0.00","$0.00","$0.00","$0.00","$0.00","$0.00","$0.00","$0.00","$0.00","$0.00","$0.00","$0.00","$0.00","$0.00","$314.28"
"53463574","Jennifer G.","#11 Outback CMV2996 (WA #CMV2996)","Subaru Outback 2024","3092194","4S4BTACC7R3286674","2026-02-20 12:00 PM","2026-02-24 12:00 PM","17801 International Boulevard, Seattle, WA 98158","17801 International Boulevard, Seattle, WA 98158","Completed","30743","","","4","$196.20","$0.00","- $19.62","$0.00","$0.00","$0.00","$0.00","$0.00","$0.00","- $19.62","$0.00","$0.00","$0.00","$0.00","$0.00","$0.00","$0.00","$0.00","$0.00","$0.00","$0.00","$4.50","$0.00","$0.00","$0.00","$0.00","$0.00","$0.00","$0.00","$0.00","$0.00","$161.46"
"53464715","Bonnie R.","#8 Ascent CMW9721 (WA #CMW9721)","Subaru Ascent 2024","3344650","4S4WMAND8R3441754","2026-04-07 10:00 AM","2026-04-10 05:00 PM","17801 International Boulevard, Seattle, WA 98158","17801 International Boulevard, Seattle, WA 98158","Completed","40404","41290","886","4","$219.60","$0.00","- $21.96","$0.00","$0.00","$0.00","$0.00","$0.00","$0.00","- $21.96","$0.00","$0.00","$0.00","$18.58","$0.00","$0.00","$0.00","$0.00","$0.00","$0.00","$0.00","$0.00","$0.00","$0.00","$0.00","$0.00","$0.00","$52.74","$0.00","$0.00","$0.00","$247.00"
"53470897","Matthew K.","#4 CX-30 CPR8256 (WA #CPR8256)","Mazda CX-30 2025","3089013","3MVDMBBM1SM798816","2026-01-26 09:30 AM","2026-01-28 07:00 PM","17801 International Boulevard, Seattle, WA 98158","17801 International Boulevard, Seattle, WA 98158","Completed","26274","26396","122","3","$99.00","$0.00","- $9.90","$0.00","$0.00","$0.00","$0.00","$0.00","$0.00","$0.00","$0.00","$0.00","$0.00","$0.00","$0.00","$0.00","$0.00","$0.00","$0.00","$0.00","$0.00","$0.00","$0.00","$0.00","$0.00","$0.00","$0.00","$0.00","$0.00","$0.00","$0.00","$89.10"
"53471724","Justin V.","#11 Outback CMV2996 (WA #CMV2996)","Subaru Outback 2024","3092194","4S4BTACC7R3286674","2026-03-12 03:30 PM","2026-03-15 03:30 PM","17801 International Boulevard, Seattle, WA 98158","17801 International Boulevard, Seattle, WA 98158","Guest cancellation","","","","3","$0.00","$0.00","$0.00","$0.00","$0.00","$0.00","$0.00","$0.00","$0.00","$0.00","$0.00","$0.00","$0.00","$0.00","$0.00","$0.00","$0.00","$0.00","$0.00","$0.00","$0.00","$0.00","$0.00","$0.00","$0.00","$0.00","$0.00","$0.00","$0.00","$0.00","$0.00","$0.00"
"53471972","Hunter C.","#5 CX-30 CPR8911 (WA #CPR8911)","Mazda CX-30 2025","3090357","3MVDMBBM1SM805876","2026-04-09 08:00 AM","2026-04-14 11:00 AM","17801 International Boulevard, Seattle, WA 98158","17801 International Boulevard, Seattle, WA 98158","Completed","31562","32048","486","6","$248.40","$0.00","- $24.84","$0.00","$0.00","$0.00","$0.00","$0.00","$0.00","$0.00","$0.00","$0.00","$0.00","$0.00","$0.00","$0.00","$0.00","$0.00","$0.00","$0.00","$0.00","$7.30","$0.00","$0.00","$0.00","$0.00","$0.00","$0.00","$0.00","$0.00","$0.00","$230.86"
"53472338","Justin V.","#11 Outback CMV2996 (WA #CMV2996)","Subaru Outback 2024","3092194","4S4BTACC7R3286674","2026-03-12 03:30 PM","2026-03-15 03:30 PM","17801 International Boulevard, Seattle, WA 98158","17801 International Boulevard, Seattle, WA 98158","Guest cancellation","","","","3","$0.00","$0.00","$0.00","$0.00","$0.00","$0.00","$0.00","$0.00","$0.00","$0.00","$0.00","$0.00","$0.00","$0.00","$0.00","$50.40","$0.00","$0.00","$0.00","$0.00","$0.00","$0.00","$0.00","$0.00","$0.00","$0.00","$0.00","$0.00","$0.00","$0.00","$0.00","$50.40"
"53482804","Alec P.","#12 Ford Bronco Sport SWA7154 (WA #CWA7154)","Ford Bronco Sport 2025","3549192","3FMCR9BN7SRF76361","2026-02-06 10:00 AM","2026-02-08 12:00 PM","707 South Grady Way, Renton, WA 98057","707 South Grady Way, Renton, WA 98057","Completed","797","1044","247","3","$159.30","$0.00","- $15.93","$0.00","$0.00","$0.00","$0.00","$0.00","$0.00","$0.00","$0.00","$0.00","$0.00","$0.00","$0.00","$0.00","$0.00","$0.00","$0.00","$0.00","$0.00","$0.00","$0.00","$0.00","$0.00","$0.00","$0.00","$0.00","$0.00","$0.00","$0.00","$143.37"
"53486768","Shelby K.","#10 Outback CHW4262 (WA #CHW4262)","Subaru Outback 2023","3374613","4S4BTACC8P3213469","2026-06-06 10:30 PM","2026-06-09 08:00 AM","17801 International Boulevard, Seattle, WA 98158","17801 International Boulevard, Seattle, WA 98158","Completed","77338","77700","362","3","$224.10","$0.00","- $22.41","$0.00","$0.00","$0.00","$0.00","$0.00","$0.00","- $22.41","$0.00","$0.00","$0.00","$0.00","$103.50","$0.00","$0.00","$0.00","$0.00","$0.00","$0.00","$6.90","$0.00","$0.00","$0.00","$0.00","$0.00","$0.00","$0.00","$0.00","$0.00","$289.68"
"53489894","Shannon R.","#11 Outback CMV2996 (WA #CMV2996)","Subaru Outback 2024","3092194","4S4BTACC7R3286674","2026-01-29 02:00 PM","2026-02-01 07:00 PM","17801 International Boulevard, Seattle, WA 98158","17801 International Boulevard, Seattle, WA 98158","Guest cancellation","","","","4","$0.00","$0.00","$0.00","$0.00","$0.00","$0.00","$0.00","$0.00","$0.00","$0.00","$0.00","$0.00","$0.00","$0.00","$0.00","$0.00","$0.00","$0.00","$0.00","$0.00","$0.00","$0.00","$0.00","$0.00","$0.00","$0.00","$0.00","$0.00","$0.00","$0.00","$0.00","$0.00"
"53495207","Chaz H.","#2 Bronco Sport CTD5399 (WA #CTD5399)","Ford Bronco Sport 2025","3144760","3FMCR9BN3SRE66889","2026-03-08 01:00 PM","2026-03-14 10:00 AM","17801 International Boulevard, Seattle, WA 98158","17801 International Boulevard, Seattle, WA 98158","Completed","24760","","","6","$314.10","$0.00","- $31.41","$0.00","$0.00","$0.00","$0.00","$0.00","$0.00","$0.00","$0.00","$0.00","$0.00","$0.00","$27.00","$0.00","$0.00","$0.00","$0.00","$0.00","$0.00","$0.00","$0.00","$0.00","$0.00","$0.00","$0.00","$0.00","$0.00","$0.00","$0.00","$309.69"
"53500903","Naomi P.","#12 Ford Bronco Sport SWA7154 (WA #CWA7154)","Ford Bronco Sport 2025","3549192","3FMCR9BN7SRF76361","2026-04-30 09:30 PM","2026-05-04 03:00 PM","17801 International Boulevard, Seattle, WA 98158","17801 International Boulevard, Seattle, WA 98158","Completed","7264","7938","674","4","$221.40","$0.00","- $22.14","$0.00","$0.00","$0.00","$0.00","$0.00","$0.00","$0.00","$0.00","$0.00","$0.00","$0.00","$0.00","$0.00","$0.00","$0.00","$0.00","$0.00","$0.00","$0.00","$0.00","$0.00","$0.00","$0.00","$0.00","$0.00","$0.00","$0.00","$0.00","$199.26"
"53501470","Joel T.","#12 Ford Bronco Sport SWA7154 (WA #CWA7154)","Ford Bronco Sport 2025","3549192","3FMCR9BN7SRF76361","2026-06-16 09:00 AM","2026-06-23 10:00 AM","17801 International Boulevard, Seattle, WA 98158","17801 International Boulevard, Seattle, WA 98158","Completed","11580","12581","1001","8","$691.20","$0.00","$0.00","- $138.24","$0.00","$0.00","$0.00","$0.00","$0.00","$0.00","$0.00","$0.00","$0.00","$0.00","$0.00","$0.00","$0.00","$0.00","$45.00","$0.00","$0.00","$0.00","$0.00","$0.00","$0.00","$0.00","$0.00","$64.23","$0.00","$0.00","$0.00","$662.19"
"53503831","Francisco Antonio M.","#2 Bronco Sport CTD5399 (WA #CTD5399)","Ford Bronco Sport 2025","3144760","3FMCR9BN3SRE66889","2026-02-02 10:00 AM","2026-02-06 04:00 PM","17801 International Boulevard, Seattle, WA 98158","17801 International Boulevard, Seattle, WA 98158","Completed","357784","22795","0","5","$243.00","$0.00","- $24.30","$0.00","$0.00","$0.00","$0.00","$0.00","$0.00","- $24.30","$0.00","$0.00","$0.00","$0.00","$27.00","$0.00","$0.00","$0.00","$0.00","$0.00","$0.00","$0.00","$0.00","$0.00","$0.00","$0.00","$0.00","$0.00","$0.00","$0.00","$0.00","$221.40"
"53507283","Mason K.","#12 Ford Bronco Sport SWA7154 (WA #CWA7154)","Ford Bronco Sport 2025","3549192","3FMCR9BN7SRF76361","2026-04-09 11:00 AM","2026-04-14 11:00 AM","17801 International Boulevard, Seattle, WA 98158","17801 International Boulevard, Seattle, WA 98158","Completed","4683","5390","707","5","$261.00","$0.00","- $26.10","$0.00","$0.00","$0.00","$0.00","$0.00","$0.00","$0.00","$0.00","$0.00","$0.00","$0.00","$0.00","$0.00","$0.00","$0.00","$0.00","$0.00","$0.00","$7.13","$0.00","$0.00","$0.00","$0.00","$0.00","$0.00","$0.00","$0.00","$0.00","$242.03"
"53508740","Marcella L.","#4 CX-30 CPR8256 (WA #CPR8256)","Mazda CX-30 2025","3089013","3MVDMBBM1SM798816","2026-02-19 10:00 AM","2026-02-22 10:00 AM","17801 International Boulevard, Seattle, WA 98158","17801 International Boulevard, Seattle, WA 98158","Completed","28258","28655","397","3","$128.70","$0.00","- $12.87","$0.00","$0.00","$0.00","$0.00","$0.00","$0.00","$0.00","$0.00","$0.00","$0.00","$0.00","$0.00","$0.00","$0.00","$0.00","$0.00","$0.00","$0.00","$0.00","$0.00","$0.00","$0.00","$0.00","$0.00","$0.00","$0.00","$0.00","$0.00","$115.83"
"53523454","Kevin F.","#12 Ford Bronco Sport SWA7154 (WA #CWA7154)","Ford Bronco Sport 2025","3549192","3FMCR9BN7SRF76361","2026-02-11 01:00 PM","2026-02-15 10:00 AM","17801 International Boulevard, Seattle, WA 98158","17801 International Boulevard, Seattle, WA 98158","Completed","1130","1290","160","4","$208.80","$0.00","- $20.88","$0.00","$0.00","$0.00","$0.00","$0.00","$0.00","- $20.88","$0.00","$0.00","$0.00","$0.00","$0.00","$0.00","$0.00","$0.00","$0.00","$0.00","$0.00","$0.00","$0.00","$0.00","$0.00","$0.00","$0.00","$44.01","$0.00","$0.00","$0.00","$211.05"
"53539719","Jake A.","#6 CX-50 CTL3409 (WA #CTL3409)","Mazda CX-50 2025","3194251","7MMVABAM2SN362658","2026-04-22 09:00 PM","2026-04-26 07:30 AM","17801 International Boulevard, Seattle, WA 98158","17801 International Boulevard, Seattle, WA 98158","Completed","24263","24938","675","4","$224.10","$0.00","- $22.41","$0.00","$0.00","$0.00","$0.00","$0.00","$0.00","- $22.41","$0.00","$0.00","$0.00","$0.00","$0.00","$0.00","$0.00","$0.00","$0.00","$0.00","$0.00","$0.00","$0.00","$0.00","$0.00","$0.00","$0.00","$0.00","$0.00","$0.00","$0.00","$179.28"
"53542352","Bryce B.","#10 Outback CHW4262 (WA #CHW4262)","Subaru Outback 2023","3374613","4S4BTACC8P3213469","2026-04-15 05:30 PM","2026-04-20 03:30 PM","17801 International Boulevard, Seattle, WA 98158","17801 International Boulevard, Seattle, WA 98158","Completed","74903","75450","547","5","$253.80","$0.00","- $25.38","$0.00","$0.00","$0.00","$0.00","$0.00","$0.00","- $25.38","$0.00","$0.00","$0.00","$0.00","$0.00","$0.00","$0.00","$0.00","$0.00","$0.00","$0.00","$0.00","$0.00","$0.00","$0.00","$0.00","$0.00","$0.00","$0.00","$0.00","$0.00","$203.04"
"53543132","Megan Mackenzie M.","#8 Ascent CMW9721 (WA #CMW9721)","Subaru Ascent 2024","3344650","4S4WMAND8R3441754","2026-03-02 11:30 AM","2026-03-06 03:30 PM","17801 International Boulevard, Seattle, WA 98158","17801 International Boulevard, Seattle, WA 98158","Completed","39409","39815","406","5","$300.60","$0.00","- $30.06","$0.00","$0.00","$0.00","$0.00","$0.00","$0.00","- $30.06","$0.00","$0.00","$0.00","$0.00","$0.00","$0.00","$0.00","$0.00","$0.00","$0.00","$0.00","$6.75","$0.00","$0.00","$0.00","$0.00","$0.00","$0.00","$0.00","$0.00","$0.00","$247.23"
"53551954","Hanna H.","#3 CR-V CSJ1646 (WA #CSJ1646)","Honda CR-V 2025","3148718","2HKRS4H21SH443987","2026-05-28 12:00 PM","2026-05-31 06:00 PM","17801 International Boulevard, Seattle, WA 98158","17801 International Boulevard, Seattle, WA 98158","Completed","27465","27900","435","4","$256.50","$0.00","- $12.82","$0.00","$0.00","$0.00","$0.00","$0.00","$0.00","$0.00","$0.00","$0.00","$27.00","$0.00","$27.00","$0.00","$0.00","$0.00","$0.00","$0.00","$0.00","$2.80","$0.00","$0.00","$0.00","$0.00","$0.00","$0.00","$0.00","$0.00","$0.00","$300.48"
"53570257","Ron K.","# 9 Outback CGS9019 (WA #CGS9019)","Subaru Outback 2023","3168172","4S4BTACC4P3208642","2026-02-16 09:30 AM","2026-02-21 09:30 AM","17801 International Boulevard, Seattle, WA 98158","17801 International Boulevard, Seattle, WA 98158","Completed","59206","59526","320","5","$242.10","$0.00","- $24.21","$0.00","$0.00","$0.00","$0.00","$0.00","$0.00","$0.00","$0.00","$0.00","$0.00","$0.00","$0.00","$0.00","$0.00","$0.00","$0.00","$0.00","$0.00","$0.00","$0.00","$0.00","$0.00","$0.00","$0.00","$52.86","$0.00","$0.00","$0.00","$270.75"
"53571739","Lydia J.","#7 CX-50 CGX2490 (WA #CGX2490)","Mazda CX-50 2023","3420258","7MMVABAM8PN145820","2026-03-12 10:30 PM","2026-03-23 09:30 AM","17801 International Boulevard, Seattle, WA 98158","17801 International Boulevard, Seattle, WA 98158","Guest cancellation","","","","11","$0.00","$0.00","$0.00","$0.00","$0.00","$0.00","$0.00","$0.00","$0.00","$0.00","$0.00","$0.00","$0.00","$0.00","$0.00","$0.00","$0.00","$0.00","$0.00","$0.00","$0.00","$0.00","$0.00","$0.00","$0.00","$0.00","$0.00","$0.00","$0.00","$0.00","$0.00","$0.00"
"53572170","Zhehan L.","#11 Outback CMV2996 (WA #CMV2996)","Subaru Outback 2024","3092194","4S4BTACC7R3286674","2026-01-29 08:30 PM","2026-02-01 08:00 PM","17801 International Boulevard, Seattle, WA 98158","17801 International Boulevard, Seattle, WA 98158","Completed","29169","29582","413","3","$136.80","$0.00","- $13.68","$0.00","$0.00","$0.00","$0.00","$0.00","$0.00","$0.00","$0.00","$0.00","$0.00","$0.00","$27.00","$0.00","$0.00","$0.00","$0.00","$0.00","$0.00","$3.10","$0.00","$0.00","$0.00","$0.00","$0.00","$0.00","$0.00","$0.00","$0.00","$153.22"
"53617425","Mauro C.","#6 CX-50 CTL3409 (WA #CTL3409)","Mazda CX-50 2025","3194251","7MMVABAM2SN362658","2026-02-01 11:00 PM","2026-02-06 10:00 AM","17801 International Boulevard, Seattle, WA 98158","17801 International Boulevard, Seattle, WA 98158","Guest cancellation","","","","5","$0.00","$0.00","$0.00","$0.00","$0.00","$0.00","$0.00","$0.00","$0.00","$0.00","$0.00","$0.00","$0.00","$0.00","$0.00","$0.00","$0.00","$0.00","$0.00","$0.00","$0.00","$0.00","$0.00","$0.00","$0.00","$0.00","$0.00","$0.00","$0.00","$0.00","$0.00","$0.00"
"53621990","Matthew K.","#12 Ford Bronco Sport SWA7154 (WA #CWA7154)","Ford Bronco Sport 2025","3549192","3FMCR9BN7SRF76361","2026-02-28 12:00 PM","2026-03-15 10:00 AM","17801 International Boulevard, Seattle, WA 98158","17801 International Boulevard, Seattle, WA 98158","Completed","1795","2441","646","15","$742.50","$0.00","$0.00","$0.00","- $185.62","$0.00","$0.00","$0.00","$0.00","$0.00","$0.00","$0.00","$0.00","$0.00","$0.00","$0.00","$0.00","$0.00","$0.00","$0.00","$0.00","$0.00","$0.00","$0.00","$0.00","$0.00","$0.00","$44.22","$0.00","$0.00","$0.00","$601.10"
"53622843","Sabin C.","#8 Ascent CMW9721 (WA #CMW9721)","Subaru Ascent 2024","3344650","4S4WMAND8R3441754","2026-02-05 02:00 PM","2026-02-08 02:30 PM","17801 International Boulevard, Seattle, WA 98158","17801 International Boulevard, Seattle, WA 98158","Completed","37595","37996","401","4","$237.60","$0.00","- $23.76","$0.00","$0.00","$0.00","$0.00","$0.00","$0.00","- $23.76","$0.00","$0.00","$0.00","$0.00","$0.00","$0.00","$0.00","$0.00","$0.00","$0.00","$0.00","$4.20","$0.00","$0.00","$0.00","$0.00","$0.00","$49.56","$0.00","$0.00","$0.00","$243.84"
"53635254","ROSEERRINE M.","#7 CX-50 CGX2490 (WA #CGX2490)","Mazda CX-50 2023","3420258","7MMVABAM8PN145820","2026-02-20 11:30 AM","2026-02-22 02:00 PM","17801 International Boulevard, Seattle, WA 98158","17801 International Boulevard, Seattle, WA 98158","Guest cancellation","","","","3","$0.00","$0.00","$0.00","$0.00","$0.00","$0.00","$0.00","$0.00","$0.00","$0.00","$0.00","$0.00","$0.00","$0.00","$0.00","$0.00","$0.00","$0.00","$0.00","$0.00","$0.00","$0.00","$0.00","$0.00","$0.00","$0.00","$0.00","$0.00","$0.00","$0.00","$0.00","$0.00"
"53646541","Elizabeth M.","#3 CR-V CSJ1646 (WA #CSJ1646)","Honda CR-V 2025","3148718","2HKRS4H21SH443987","2026-01-31 03:00 PM","2026-02-04 09:00 AM","17801 International Boulevard, Seattle, WA 98158","17801 International Boulevard, Seattle, WA 98158","Completed","22117","22308","191","4","$138.60","$0.00","- $13.86","$0.00","$0.00","$0.00","$0.00","$0.00","$0.00","$0.00","$0.00","$0.00","$0.00","$0.00","$0.00","$0.00","$0.00","$0.00","$0.00","$0.00","$0.00","$0.00","$0.00","$0.00","$0.00","$0.00","$0.00","$0.00","$0.00","$0.00","$0.00","$124.74"
"53666538","Joeselinne G.","#4 CX-30 CPR8256 (WA #CPR8256)","Mazda CX-30 2025","3089013","3MVDMBBM1SM798816","2026-04-09 10:00 AM","2026-04-12 03:30 PM","17801 International Boulevard, Seattle, WA 98158","17801 International Boulevard, Seattle, WA 98158","Guest cancellation","","","","4","$0.00","$0.00","$0.00","$0.00","$0.00","$0.00","$0.00","$0.00","$0.00","$0.00","$0.00","$0.00","$0.00","$0.00","$0.00","$0.00","$0.00","$0.00","$0.00","$0.00","$0.00","$0.00","$0.00","$0.00","$0.00","$0.00","$0.00","$0.00","$0.00","$0.00","$0.00","$0.00"
"53677454","Peyton G.","#6 CX-50 CTL3409 (WA #CTL3409)","Mazda CX-50 2025","3194251","7MMVABAM2SN362658","2026-09-22 10:30 AM","2026-09-26 11:00 AM","17801 International Boulevard, Seattle, WA 98158","17801 International Boulevard, Seattle, WA 98158","Booked","","","","5","$296.10","$0.00","- $29.61","$0.00","$0.00","$0.00","$0.00","$0.00","$0.00","$0.00","$0.00","$0.00","$0.00","$0.00","$0.00","$0.00","$0.00","$0.00","$0.00","$0.00","$0.00","$0.00","$0.00","$0.00","$0.00","$0.00","$0.00","$0.00","$0.00","$0.00","$0.00","$266.49"
"53702463","Terrence T.","#4 CX-30 CPR8256 (WA #CPR8256)","Mazda CX-30 2025","3089013","3MVDMBBM1SM798816","2026-04-15 05:30 PM","2026-04-21 08:00 AM","707 South Grady Way, Renton, WA 98057","707 South Grady Way, Renton, WA 98057","Completed","32847","33226","379","6","$248.40","$0.00","- $24.84","$0.00","$0.00","$0.00","$0.00","$0.00","$0.00","- $24.84","$0.00","$0.00","$0.00","$0.00","$0.00","$0.00","$0.00","$0.00","$0.00","$0.00","$0.00","$2.80","$0.00","$0.00","$0.00","$0.00","$0.00","$0.00","$0.00","$0.00","$0.00","$201.52"
"53706528","Hilary T.","#1 Bronco Sport CSD5744 (WA #CSD5744)","Ford Bronco Sport 2024","3090505","3FMCR9B67RRF51219","2026-03-28 10:00 AM","2026-04-01 11:00 AM","17801 International Boulevard, Seattle, WA 98158","17801 International Boulevard, Seattle, WA 98158","Completed","28061","28533","472","5","$237.60","$0.00","- $23.76","$0.00","$0.00","$0.00","$0.00","$0.00","$0.00","- $23.76","$0.00","$0.00","$0.00","$0.00","$0.00","$0.00","$0.00","$0.00","$0.00","$0.00","$0.00","$4.50","$0.00","$0.00","$0.00","$0.00","$0.00","$0.00","$0.00","$0.00","$0.00","$194.58"
"53707632","Gary J.","# 9 Outback CGS9019 (WA #CGS9019)","Subaru Outback 2023","3168172","4S4BTACC4P3208642","2026-02-12 09:00 AM","2026-02-15 09:30 AM","17801 International Boulevard, Seattle, WA 98158","17801 International Boulevard, Seattle, WA 98158","Completed","58451","59206","755","4","$220.50","$0.00","- $22.05","$0.00","$0.00","$0.00","$0.00","$0.00","$0.00","- $22.05","$0.00","$0.00","$0.00","$0.00","$0.00","$0.00","$0.00","$0.00","$0.00","$0.00","$0.00","$4.50","$0.00","$0.00","$0.00","$0.00","$0.00","$0.00","$0.00","$0.00","$0.00","$180.90"
"53709958","Scott F.","#12 Ford Bronco Sport SWA7154 (WA #CWA7154)","Ford Bronco Sport 2025","3549192","3FMCR9BN7SRF76361","2026-06-27 12:00 PM","2026-07-11 10:00 AM","17801 International Boulevard, Seattle, WA 98158","17801 International Boulevard, Seattle, WA 98158","Guest cancellation","","","","14","$0.00","$0.00","$0.00","$0.00","$0.00","$0.00","$0.00","$0.00","$0.00","$0.00","$0.00","$0.00","$0.00","$0.00","$0.00","$0.00","$0.00","$0.00","$0.00","$0.00","$0.00","$0.00","$0.00","$0.00","$0.00","$0.00","$0.00","$0.00","$0.00","$0.00","$0.00","$0.00"
"53735501","Alicia L.","#4 CX-30 CPR8256 (WA #CPR8256)","Mazda CX-30 2025","3089013","3MVDMBBM1SM798816","2026-03-12 10:30 AM","2026-03-15 05:00 PM","17801 International Boulevard, Seattle, WA 98158","17801 International Boulevard, Seattle, WA 98158","Completed","30446","31017","571","4","$166.50","$0.00","- $16.65","$0.00","$0.00","$0.00","$0.00","$0.00","$0.00","- $16.65","$0.00","$0.00","$0.00","$0.00","$0.00","$0.00","$0.00","$0.00","$0.00","$0.00","$0.00","$4.50","$0.00","$0.00","$0.00","$0.00","$0.00","$0.00","$0.00","$0.00","$0.00","$137.70"
"53736965","Taylor C.","#6 CX-50 CTL3409 (WA #CTL3409)","Mazda CX-50 2025","3194251","7MMVABAM2SN362658","2026-02-03 01:00 PM","2026-02-06 11:00 AM","17801 International Boulevard, Seattle, WA 98158","17801 International Boulevard, Seattle, WA 98158","Completed","18685","19008","323","3","$109.80","$0.00","- $10.98","$0.00","$0.00","$0.00","$0.00","$0.00","$0.00","$0.00","$0.00","$0.00","$0.00","$0.00","$0.00","$0.00","$0.00","$0.00","$0.00","$0.00","$0.00","$2.80","$0.00","$0.00","$0.00","$0.00","$0.00","$0.00","$0.00","$0.00","$0.00","$101.62"
"53766503","Jimmya C.","#6 CX-50 CTL3409 (WA #CTL3409)","Mazda CX-50 2025","3194251","7MMVABAM2SN362658","2026-03-11 10:30 AM","2026-03-21 09:00 AM","707 South Grady Way, Renton, WA 98057","707 South Grady Way, Renton, WA 98057","Guest cancellation","","","","10","$0.00","$0.00","$0.00","$0.00","$0.00","$0.00","$0.00","$0.00","$0.00","$0.00","$0.00","$0.00","$0.00","$0.00","$0.00","$0.00","$0.00","$0.00","$0.00","$0.00","$0.00","$0.00","$0.00","$0.00","$0.00","$0.00","$0.00","$0.00","$0.00","$0.00","$0.00","$0.00"
"53770891","Ian G.","# 9 Outback CGS9019 (WA #CGS9019)","Subaru Outback 2023","3168172","4S4BTACC4P3208642","2026-02-22 01:00 PM","2026-03-19 11:00 AM","17801 International Boulevard, Seattle, WA 98158","17801 International Boulevard, Seattle, WA 98158","Completed","59528","60669","1141","25","$1,183.50","$0.00","$0.00","$0.00","$0.00","- $295.88","$0.00","$0.00","$0.00","- $118.35","$0.00","$0.00","$27.00","$0.00","$0.00","$0.00","$0.00","$0.00","$0.00","$0.00","$0.00","$0.00","$0.00","$0.00","$0.00","$0.00","$0.00","$0.00","$0.00","$0.00","$0.00","$796.27"
"53772226","Jalysah R.","#6 CX-50 CTL3409 (WA #CTL3409)","Mazda CX-50 2025","3194251","7MMVABAM2SN362658","2026-02-09 10:00 AM","2026-02-16 10:00 AM","707 South Grady Way, Renton, WA 98057","707 South Grady Way, Renton, WA 98057","Guest cancellation","","","","7","$0.00","$0.00","$0.00","$0.00","$0.00","$0.00","$0.00","$0.00","$0.00","$0.00","$0.00","$0.00","$0.00","$0.00","$0.00","$0.00","$0.00","$0.00","$0.00","$0.00","$0.00","$0.00","$0.00","$0.00","$0.00","$0.00","$0.00","$0.00","$0.00","$0.00","$0.00","$0.00"
"53784108","Bruce H.","#1 Bronco Sport CSD5744 (WA #CSD5744)","Ford Bronco Sport 2024","3090505","3FMCR9B67RRF51219","2026-02-28 11:00 AM","2026-03-07 09:00 AM","17801 International Boulevard, Seattle, WA 98158","17801 International Boulevard, Seattle, WA 98158","Completed","26071","26792","721","7","$315.90","$0.00","$0.00","- $47.38","$0.00","$0.00","$0.00","$0.00","$0.00","$0.00","$0.00","$0.00","$27.00","$0.00","$0.00","$0.00","$0.00","$0.00","$0.00","$0.00","$0.00","$10.70","$0.00","$0.00","$0.00","$0.00","$0.00","$0.00","$0.00","$0.00","$0.00","$306.22"
"53788270","JASON C.","#12 Ford Bronco Sport SWA7154 (WA #CWA7154)","Ford Bronco Sport 2025","3549192","3FMCR9BN7SRF76361","2026-04-16 12:00 PM","2026-04-21 10:00 AM","17801 International Boulevard, Seattle, WA 98158","17801 International Boulevard, Seattle, WA 98158","Completed","5392","6064","672","5","$286.20","$14.31","- $14.31","$0.00","$0.00","$0.00","$0.00","$0.00","$0.00","- $27.19","$0.00","$0.00","$27.00","$0.00","$0.00","$0.00","$0.00","$0.00","$0.00","$0.00","$0.00","$3.95","$0.00","$0.00","$0.00","$0.00","$0.00","$0.00","$0.00","$0.00","$0.00","$289.96"
"53795355","Kristan R.","#5 CX-30 CPR8911 (WA #CPR8911)","Mazda CX-30 2025","3090357","3MVDMBBM1SM805876","2026-02-22 01:30 PM","2026-02-26 06:30 PM","17801 International Boulevard, Seattle, WA 98158","17801 International Boulevard, Seattle, WA 98158","Completed","28047","28206","159","5","$184.50","$0.00","- $18.45","$0.00","$0.00","$0.00","$0.00","$0.00","$0.00","- $18.45","$0.00","$0.00","$27.00","$0.00","$0.00","$0.00","$0.00","$0.00","$0.00","$0.00","$0.00","$0.00","$0.00","$0.00","$0.00","$0.00","$0.00","$0.00","$0.00","$0.00","$0.00","$174.60"
"53799151","Brianna H.","#6 CX-50 CTL3409 (WA #CTL3409)","Mazda CX-50 2025","3194251","7MMVABAM2SN362658","2026-02-19 10:30 PM","2026-02-23 12:00 PM","17801 International Boulevard, Seattle, WA 98158","17801 International Boulevard, Seattle, WA 98158","Guest cancellation","","","","4","$0.00","$0.00","$0.00","$0.00","$0.00","$0.00","$0.00","$0.00","$0.00","$0.00","$0.00","$0.00","$0.00","$0.00","$0.00","$0.00","$0.00","$0.00","$0.00","$0.00","$0.00","$0.00","$0.00","$0.00","$0.00","$0.00","$0.00","$0.00","$0.00","$0.00","$0.00","$0.00"
"53814658","Katie F.","#7 CX-50 CGX2490 (WA #CGX2490)","Mazda CX-50 2023","3420258","7MMVABAM8PN145820","2026-02-13 10:00 AM","2026-02-18 09:00 AM","17801 International Boulevard, Seattle, WA 98158","17801 International Boulevard, Seattle, WA 98158","Completed","64719","","","5","$235.80","$0.00","- $23.58","$0.00","$0.00","$0.00","$0.00","$0.00","$0.00","- $23.58","$0.00","$0.00","$27.00","$0.00","$0.00","$0.00","$0.00","$0.00","$0.00","$0.00","$0.00","$0.00","$0.00","$0.00","$0.00","$0.00","$0.00","$0.00","$0.00","$0.00","$0.00","$215.64"
"53820204","Thomas S.","#2 Bronco Sport CTD5399 (WA #CTD5399)","Ford Bronco Sport 2025","3144760","3FMCR9BN3SRE66889","2026-02-25 09:00 AM","2026-03-01 05:00 PM","17801 International Boulevard, Seattle, WA 98158","17801 International Boulevard, Seattle, WA 98158","Completed","24194","","","5","$237.60","$0.00","- $23.76","$0.00","$0.00","$0.00","$0.00","$0.00","$0.00","- $23.76","$0.00","$0.00","$27.00","$0.00","$0.00","$0.00","$0.00","$0.00","$0.00","$0.00","$0.00","$1.55","$0.00","$0.00","$0.00","$0.00","$0.00","$0.00","$0.00","$0.00","$0.00","$218.63"
"53837283","Robert L.","#4 CX-30 CPR8256 (WA #CPR8256)","Mazda CX-30 2025","3089013","3MVDMBBM1SM798816","2026-03-26 10:00 AM","2026-03-30 06:00 PM","17801 International Boulevard, Seattle, WA 98158","17801 International Boulevard, Seattle, WA 98158","Completed","31398","","","5","$208.80","$0.00","- $20.88","$0.00","$0.00","$0.00","$0.00","$0.00","$0.00","- $20.88","$0.00","$0.00","$27.00","$0.00","$0.00","$0.00","$0.00","$0.00","$0.00","$0.00","$0.00","$13.75","$0.00","$0.00","$0.00","$0.00","$0.00","$0.00","$0.00","$0.00","$0.00","$207.79"
"53846040","Krystle R.","#4 CX-30 CPR8256 (WA #CPR8256)","Mazda CX-30 2025","3089013","3MVDMBBM1SM798816","2026-03-20 11:30 AM","2026-03-24 08:00 PM","17801 International Boulevard, Seattle, WA 98158","17801 International Boulevard, Seattle, WA 98158","Completed","31025","31398","373","5","$205.20","$0.00","- $20.52","$0.00","$0.00","$0.00","$0.00","$0.00","$0.00","$0.00","$0.00","$0.00","$27.00","$0.00","$0.00","$0.00","$0.00","$0.00","$0.00","$0.00","$0.00","$0.00","$0.00","$0.00","$0.00","$0.00","$0.00","$0.00","$0.00","$0.00","$0.00","$211.68"
"53853319","Mary L.","#10 Outback CHW4262 (WA #CHW4262)","Subaru Outback 2023","3374613","4S4BTACC8P3213469","2026-03-31 10:00 AM","2026-04-15 10:00 AM","17801 International Boulevard, Seattle, WA 98158","17801 International Boulevard, Seattle, WA 98158","Guest cancellation","","","","15","$0.00","$0.00","$0.00","$0.00","$0.00","$0.00","$0.00","$0.00","$0.00","$0.00","$0.00","$0.00","$0.00","$0.00","$0.00","$0.00","$0.00","$0.00","$0.00","$0.00","$0.00","$0.00","$0.00","$0.00","$0.00","$0.00","$0.00","$0.00","$0.00","$0.00","$0.00","$0.00"
"53893814","Linda Y.","#5 CX-30 CPR8911 (WA #CPR8911)","Mazda CX-30 2025","3090357","3MVDMBBM1SM805876","2026-09-14 04:00 PM","2026-09-17 04:00 PM","17801 International Boulevard, Seattle, WA 98158","17801 International Boulevard, Seattle, WA 98158","Guest cancellation","","","","3","$0.00","$0.00","$0.00","$0.00","$0.00","$0.00","$0.00","$0.00","$0.00","$0.00","$0.00","$0.00","$0.00","$0.00","$0.00","$0.00","$0.00","$0.00","$0.00","$0.00","$0.00","$0.00","$0.00","$0.00","$0.00","$0.00","$0.00","$0.00","$0.00","$0.00","$0.00","$0.00"
"53894100","Linda Y.","#5 CX-30 CPR8911 (WA #CPR8911)","Mazda CX-30 2025","3090357","3MVDMBBM1SM805876","2026-09-14 04:00 PM","2026-09-17 04:00 PM","707 South Grady Way, Renton, WA 98057","707 South Grady Way, Renton, WA 98057","Booked","","","","3","$139.50","$0.00","- $13.95","$0.00","$0.00","$0.00","$0.00","$0.00","$0.00","- $13.95","$0.00","$0.00","$0.00","$0.00","$0.00","$0.00","$0.00","$0.00","$0.00","$0.00","$0.00","$0.00","$0.00","$0.00","$0.00","$0.00","$0.00","$0.00","$0.00","$0.00","$0.00","$111.60"
"53894858","Tulaga S.","#6 CX-50 CTL3409 (WA #CTL3409)","Mazda CX-50 2025","3194251","7MMVABAM2SN362658","2026-02-18 10:00 AM","2026-02-22 06:00 PM","707 South Grady Way, Renton, WA 98057","707 South Grady Way, Renton, WA 98057","Guest cancellation","","","","5","$0.00","$0.00","$0.00","$0.00","$0.00","$0.00","$0.00","$0.00","$0.00","$0.00","$0.00","$0.00","$0.00","$0.00","$0.00","$0.00","$0.00","$0.00","$0.00","$0.00","$0.00","$0.00","$0.00","$0.00","$0.00","$0.00","$0.00","$0.00","$0.00","$0.00","$0.00","$0.00"
"53896442","ROBERT T.","#6 CX-50 CTL3409 (WA #CTL3409)","Mazda CX-50 2025","3194251","7MMVABAM2SN362658","2026-02-16 02:30 PM","2026-02-20 02:30 PM","17801 International Boulevard, Seattle, WA 98158","17801 International Boulevard, Seattle, WA 98158","Completed","20142","20446","304","4","$169.20","$0.00","- $16.92","$0.00","$0.00","$0.00","$0.00","$0.00","$0.00","- $16.92","$0.00","$0.00","$27.00","$0.00","$0.00","$0.00","$0.00","$0.00","$0.00","$0.00","$0.00","$17.35","$0.00","$0.00","$0.00","$0.00","$0.00","$55.79","$0.00","$0.00","$0.00","$235.50"
"53914031","Melinda H.","#1 Bronco Sport CSD5744 (WA #CSD5744)","Ford Bronco Sport 2024","3090505","3FMCR9B67RRF51219","2026-07-11 11:30 AM","2026-07-15 07:30 PM","17801 International Boulevard, Seattle, WA 98158","17801 International Boulevard, Seattle, WA 98158","Guest cancellation","","","","5","$0.00","$0.00","$0.00","$0.00","$0.00","$0.00","$0.00","$0.00","$0.00","$0.00","$0.00","$0.00","$0.00","$0.00","$0.00","$0.00","$0.00","$0.00","$0.00","$0.00","$0.00","$0.00","$0.00","$0.00","$0.00","$0.00","$0.00","$0.00","$0.00","$0.00","$0.00","$0.00"
"53919986","Glena C.","#6 CX-50 CTL3409 (WA #CTL3409)","Mazda CX-50 2025","3194251","7MMVABAM2SN362658","2026-02-13 12:00 PM","2026-02-16 11:30 AM","707 South Grady Way, Renton, WA 98057","707 South Grady Way, Renton, WA 98057","Completed","19542","","","3","$153.00","$0.00","$0.00","$0.00","$0.00","$0.00","$0.00","$0.00","$0.00","- $15.30","$0.00","$0.00","$0.00","$0.00","$0.00","$0.00","$0.00","$0.00","$0.00","$0.00","$0.00","$0.00","$0.00","$0.00","$0.00","$0.00","$0.00","$0.00","$0.00","$0.00","$0.00","$137.70"
"53920124","Courteney L.","#12 Ford Bronco Sport SWA7154 (WA #CWA7154)","Ford Bronco Sport 2025","3549192","3FMCR9BN7SRF76361","2026-06-05 10:00 AM","2026-06-10 10:00 AM","17801 International Boulevard, Seattle, WA 98158","17801 International Boulevard, Seattle, WA 98158","Completed","10220","11075","855","5","$392.40","$0.00","- $39.24","$0.00","$0.00","$0.00","$0.00","$0.00","$0.00","$0.00","$0.00","$0.00","$27.00","$0.00","$0.00","$0.00","$0.00","$0.00","$0.00","$0.00","$0.00","$4.50","$0.00","$0.00","$0.00","$0.00","$0.00","$0.00","$0.00","$0.00","$0.00","$384.66"
"53924294","Elliot M.","#6 CX-50 CTL3409 (WA #CTL3409)","Mazda CX-50 2025","3194251","7MMVABAM2SN362658","2026-04-15 12:00 PM","2026-04-21 09:30 AM","707 South Grady Way, Renton, WA 98057","707 South Grady Way, Renton, WA 98057","Completed","23519","24255","736","6","$267.30","$0.00","- $26.73","$0.00","$0.00","$0.00","$0.00","$0.00","$0.00","- $26.73","$0.00","$0.00","$0.00","$0.00","$0.00","$0.00","$0.00","$0.00","$0.00","$0.00","$0.00","$0.00","$0.00","$0.00","$0.00","$0.00","$0.00","$0.00","$0.00","$0.00","$0.00","$213.84"
"53924413","Melinda H.","#2 Bronco Sport CTD5399 (WA #CTD5399)","Ford Bronco Sport 2025","3144760","3FMCR9BN3SRE66889","2026-07-11 11:30 AM","2026-07-15 07:00 PM","17801 International Boulevard, Seattle, WA 98158","17801 International Boulevard, Seattle, WA 98158","Guest cancellation","","","","5","$0.00","$0.00","$0.00","$0.00","$0.00","$0.00","$0.00","$0.00","$0.00","$0.00","$0.00","$0.00","$0.00","$0.00","$0.00","$0.00","$0.00","$0.00","$0.00","$0.00","$0.00","$0.00","$0.00","$0.00","$0.00","$0.00","$0.00","$0.00","$0.00","$0.00","$0.00","$0.00"
"53927452","Beth G.","#4 CX-30 CPR8256 (WA #CPR8256)","Mazda CX-30 2025","3089013","3MVDMBBM1SM798816","2026-03-07 05:00 PM","2026-03-10 05:00 PM","17801 International Boulevard, Seattle, WA 98158","17801 International Boulevard, Seattle, WA 98158","Completed","30069","","","3","$125.10","$0.00","- $12.51","$0.00","$0.00","$0.00","$0.00","$0.00","$0.00","- $12.51","$0.00","$0.00","$27.00","$0.00","$0.00","$0.00","$0.00","$0.00","$0.00","$0.00","$0.00","$7.90","$0.00","$0.00","$0.00","$0.00","$0.00","$0.00","$0.00","$0.00","$0.00","$134.98"
"53944444","Teagan D.","#2 Bronco Sport CTD5399 (WA #CTD5399)","Ford Bronco Sport 2025","3144760","3FMCR9BN3SRE66889","2026-02-13 07:30 PM","2026-02-19 03:30 PM","17801 International Boulevard, Seattle, WA 98158","17801 International Boulevard, Seattle, WA 98158","Completed","23244","23891","647","6","$309.60","$0.00","- $30.96","$0.00","$0.00","$0.00","$0.00","$0.00","$0.00","- $30.96","$0.00","$0.00","$27.00","$0.00","$0.00","$0.00","$0.00","$0.00","$0.00","$0.00","$0.00","$0.00","$0.00","$0.00","$0.00","$0.00","$0.00","$0.00","$0.00","$0.00","$0.00","$274.68"
"53944495","Felix M.","#11 Outback CMV2996 (WA #CMV2996)","Subaru Outback 2024","3092194","4S4BTACC7R3286674","2026-02-09 09:30 AM","2026-02-11 09:30 AM","17801 International Boulevard, Seattle, WA 98158","17801 International Boulevard, Seattle, WA 98158","Completed","29961","30285","324","2","$75.60","$0.00","$0.00","$0.00","$0.00","$0.00","$0.00","$0.00","$0.00","$0.00","$0.00","$0.00","$27.00","$0.00","$0.00","$0.00","$0.00","$0.00","$0.00","$0.00","$0.00","$4.90","$0.00","$0.00","$0.00","$0.00","$0.00","$0.00","$0.00","$0.00","$0.00","$107.50"
"53947054","Malachi R.","#6 CX-50 CTL3409 (WA #CTL3409)","Mazda CX-50 2025","3194251","7MMVABAM2SN362658","2026-03-15 08:30 AM","2026-03-21 04:00 PM","17801 International Boulevard, Seattle, WA 98158","17801 International Boulevard, Seattle, WA 98158","Completed","21945","22859","914","7","$323.10","$0.00","$0.00","- $48.46","$0.00","$0.00","$0.00","$0.00","$0.00","$0.00","$0.00","$0.00","$27.00","$0.00","$0.00","$0.00","$0.00","$0.00","$0.00","$0.00","$0.00","$4.50","$0.00","$0.00","$0.00","$0.00","$0.00","$0.00","$0.00","$0.00","$0.00","$306.14"
"53948984","Mincong S.","#6 CX-50 CTL3409 (WA #CTL3409)","Mazda CX-50 2025","3194251","7MMVABAM2SN362658","2026-02-09 09:00 AM","2026-02-12 07:00 PM","17801 International Boulevard, Seattle, WA 98158","17801 International Boulevard, Seattle, WA 98158","Completed","19132","19531","399","4","$152.10","$0.00","- $15.21","$0.00","$0.00","$0.00","$0.00","$0.00","$0.00","$0.00","$0.00","$0.00","$27.00","$0.00","$0.00","$0.00","$0.00","$0.00","$0.00","$0.00","$0.00","$9.95","$0.00","$0.00","$0.00","$0.00","$0.00","$0.00","$0.00","$0.00","$0.00","$173.84"
"53950092","Ma G.","#12 Ford Bronco Sport SWA7154 (WA #CWA7154)","Ford Bronco Sport 2025","3549192","3FMCR9BN7SRF76361","2026-03-25 09:00 PM","2026-03-29 06:00 PM","17801 International Boulevard, Seattle, WA 98158","17801 International Boulevard, Seattle, WA 98158","Completed","3578","3875","297","4","$223.20","$0.00","- $22.32","$0.00","$0.00","$0.00","$0.00","$0.00","$0.00","- $22.32","$0.00","$0.00","$27.00","$0.00","$0.00","$0.00","$0.00","$0.00","$0.00","$0.00","$0.00","$4.50","$0.00","$0.00","$0.00","$0.00","$0.00","$0.00","$0.00","$0.00","$0.00","$210.06"
"53950794","Shahabodin M.","#13 CR-V CWF7613 (WA #CWF7613)","Honda CR-V 2025","3567962","2HKRS4H27SH405308","2026-02-12 10:00 AM","2026-02-26 10:00 AM","707 South Grady Way, Renton, WA 98057","707 South Grady Way, Renton, WA 98057","Guest cancellation","","","","14","$0.00","$0.00","$0.00","$0.00","$0.00","$0.00","$0.00","$0.00","$0.00","$0.00","$0.00","$0.00","$0.00","$0.00","$0.00","$0.00","$0.00","$0.00","$0.00","$0.00","$0.00","$0.00","$0.00","$0.00","$0.00","$0.00","$0.00","$0.00","$0.00","$0.00","$0.00","$0.00"
"53958235","Chris C.","#13 CR-V CWF7613 (WA #CWF7613)","Honda CR-V 2025","3567962","2HKRS4H27SH405308","2026-02-12 12:30 PM","2026-02-17 03:00 PM","17801 International Boulevard, Seattle, WA 98158","17801 International Boulevard, Seattle, WA 98158","Completed","6754","7040","286","6","$254.70","$0.00","$0.00","$0.00","$0.00","$0.00","$0.00","$0.00","$0.00","$0.00","$0.00","$0.00","$27.00","$0.00","$0.00","$0.00","$0.00","$0.00","$0.00","$0.00","$0.00","$0.00","$0.00","$0.00","$0.00","$0.00","$0.00","$0.00","$0.00","$0.00","$0.00","$281.70"
"53999900","Tiana H.","#4 CX-30 CPR8256 (WA #CPR8256)","Mazda CX-30 2025","3089013","3MVDMBBM1SM798816","2026-02-23 08:00 AM","2026-03-01 07:30 AM","17801 International Boulevard, Seattle, WA 98158","17801 International Boulevard, Seattle, WA 98158","Completed","28659","29284","625","6","$229.50","$0.00","- $22.95","$0.00","$0.00","$0.00","$0.00","$0.00","$0.00","- $22.95","$0.00","$0.00","$27.00","$0.00","$0.00","$0.00","$0.00","$0.00","$0.00","$0.00","$0.00","$0.00","$0.00","$0.00","$0.00","$0.00","$0.00","$0.00","$0.00","$0.00","$0.00","$210.60"
"54000165","Christopher D.","#12 Ford Bronco Sport SWA7154 (WA #CWA7154)","Ford Bronco Sport 2025","3549192","3FMCR9BN7SRF76361","2026-07-19 11:00 AM","2026-07-26 01:00 PM","17801 International Boulevard, Seattle, WA 98158","17801 International Boulevard, Seattle, WA 98158","Booked","","","","8","$828.00","$0.00","$0.00","- $165.60","$0.00","$0.00","$0.00","$0.00","$0.00","- $82.80","$0.00","$0.00","$27.00","$0.00","$0.00","$0.00","$0.00","$0.00","$0.00","$0.00","$0.00","$0.00","$0.00","$0.00","$0.00","$0.00","$0.00","$0.00","$0.00","$0.00","$0.00","$606.60"
"54030059","Matthew D.","#12 Ford Bronco Sport SWA7154 (WA #CWA7154)","Ford Bronco Sport 2025","3549192","3FMCR9BN7SRF76361","2026-02-19 10:00 PM","2026-02-22 10:00 PM","17801 International Boulevard, Seattle, WA 98158","17801 International Boulevard, Seattle, WA 98158","Completed","1404","1602","198","3","$153.90","$0.00","- $15.39","$0.00","$0.00","$0.00","$0.00","$0.00","$0.00","$0.00","$0.00","$0.00","$27.00","$0.00","$0.00","$0.00","$0.00","$0.00","$0.00","$0.00","$0.00","$0.00","$0.00","$0.00","$0.00","$0.00","$0.00","$0.00","$0.00","$0.00","$0.00","$165.51"
"54034808","Jenna B.","#12 Ford Bronco Sport SWA7154 (WA #CWA7154)","Ford Bronco Sport 2025","3549192","3FMCR9BN7SRF76361","2026-08-29 10:00 AM","2026-09-06 08:00 PM","17801 International Boulevard, Seattle, WA 98158","17801 International Boulevard, Seattle, WA 98158","Guest cancellation","","","","9","$0.00","$0.00","$0.00","$0.00","$0.00","$0.00","$0.00","$0.00","$0.00","$0.00","$0.00","$0.00","$0.00","$0.00","$0.00","$0.00","$0.00","$0.00","$0.00","$0.00","$0.00","$0.00","$0.00","$0.00","$0.00","$0.00","$0.00","$0.00","$0.00","$0.00","$0.00","$0.00"
"54042235","Kevin M.","#12 Ford Bronco Sport SWA7154 (WA #CWA7154)","Ford Bronco Sport 2025","3549192","3FMCR9BN7SRF76361","2026-02-16 12:00 PM","2026-02-19 12:00 PM","707 South Grady Way, Renton, WA 98057","707 South Grady Way, Renton, WA 98057","Guest cancellation","","","","3","$0.00","$0.00","$0.00","$0.00","$0.00","$0.00","$0.00","$0.00","$0.00","$0.00","$0.00","$0.00","$0.00","$0.00","$0.00","$0.00","$0.00","$0.00","$0.00","$0.00","$0.00","$0.00","$0.00","$0.00","$0.00","$0.00","$0.00","$0.00","$0.00","$0.00","$0.00","$0.00"
"54052874","Karen R.","#4 CX-30 CPR8256 (WA #CPR8256)","Mazda CX-30 2025","3089013","3MVDMBBM1SM798816","2026-02-15 09:30 PM","2026-02-18 04:00 PM","707 South Grady Way, Renton, WA 98057","707 South Grady Way, Renton, WA 98057","Completed","27798","","","3","$117.00","$0.00","- $11.70","$0.00","$0.00","$0.00","$0.00","$0.00","$0.00","$0.00","$0.00","$0.00","$0.00","$0.00","$0.00","$0.00","$0.00","$0.00","$0.00","$0.00","$0.00","$0.00","$0.00","$0.00","$0.00","$0.00","$0.00","$0.00","$0.00","$0.00","$0.00","$105.30"
"54070824","Kyana M.","#13 CR-V CWF7613 (WA #CWF7613)","Honda CR-V 2025","3567962","2HKRS4H27SH405308","2026-07-07 12:00 PM","2026-07-14 09:00 AM","17801 International Boulevard, Seattle, WA 98158","17801 International Boulevard, Seattle, WA 98158","Guest cancellation","","","","7","$0.00","$0.00","$0.00","$0.00","$0.00","$0.00","$0.00","$0.00","$0.00","$0.00","$0.00","$0.00","$0.00","$0.00","$0.00","$0.00","$0.00","$0.00","$0.00","$0.00","$0.00","$0.00","$0.00","$0.00","$0.00","$0.00","$0.00","$0.00","$0.00","$0.00","$0.00","$0.00"
"54092232","Kathleen S.","#8 Ascent CMW9721 (WA #CMW9721)","Subaru Ascent 2024","3344650","4S4WMAND8R3441754","2026-02-19 10:00 AM","2026-02-24 01:30 PM","17801 International Boulevard, Seattle, WA 98158","17801 International Boulevard, Seattle, WA 98158","Completed","38439","38439","0","6","$309.60","$0.00","- $30.96","$0.00","$0.00","$0.00","$0.00","$0.00","$0.00","- $30.96","$0.00","$0.00","$27.00","$0.00","$0.00","$0.00","$0.00","$0.00","$0.00","$0.00","$0.00","$0.00","$0.00","$0.00","$0.00","$0.00","$0.00","$0.00","$0.00","$0.00","$0.00","$274.68"
"54094915","Rubi V.","#1 Bronco Sport CSD5744 (WA #CSD5744)","Ford Bronco Sport 2024","3090505","3FMCR9B67RRF51219","2026-02-15 07:30 PM","2026-02-18 07:30 PM","707 South Grady Way, Renton, WA 98057","707 South Grady Way, Renton, WA 98057","Completed","25750","","","3","$147.60","$0.00","- $14.76","$0.00","$0.00","$0.00","$0.00","$0.00","$0.00","$0.00","$0.00","$0.00","$0.00","$0.00","$0.00","$0.00","$0.00","$0.00","$0.00","$0.00","$0.00","$0.00","$0.00","$0.00","$0.00","$0.00","$0.00","$0.00","$0.00","$0.00","$0.00","$132.84"
"54104210","Kevin O.","#1 Bronco Sport CSD5744 (WA #CSD5744)","Ford Bronco Sport 2024","3090505","3FMCR9B67RRF51219","2026-05-12 07:30 PM","2026-05-16 08:00 PM","707 South Grady Way, Renton, WA 98057","707 South Grady Way, Renton, WA 98057","Completed","30387","","","5","$260.10","$0.00","- $26.01","$0.00","$0.00","$0.00","$0.00","$0.00","$0.00","- $23.41","$0.00","$0.00","$0.00","$0.00","$0.00","$0.00","$0.00","$0.00","$0.00","$0.00","$0.00","$0.00","$0.00","$0.00","$0.00","$0.00","$0.00","$0.00","$0.00","$0.00","$0.00","$210.68"
"54106828","Scottie-Marie C.","#11 Outback CMV2996 (WA #CMV2996)","Subaru Outback 2024","3092194","4S4BTACC7R3286674","2026-03-07 12:00 PM","2026-03-08 06:00 PM","609 East Union Street, Seattle, WA 98122","609 East Union Street, Seattle, WA 98122","Guest cancellation","","","","2","$0.00","$0.00","$0.00","$0.00","$0.00","$0.00","$0.00","$0.00","$0.00","$0.00","$0.00","$0.00","$0.00","$0.00","$0.00","$0.00","$0.00","$0.00","$0.00","$0.00","$0.00","$0.00","$0.00","$0.00","$0.00","$0.00","$0.00","$0.00","$0.00","$0.00","$0.00","$0.00"
"54140090","Irvin J.","#11 Outback CMV2996 (WA #CMV2996)","Subaru Outback 2024","3092194","4S4BTACC7R3286674","2026-03-19 02:00 PM","2026-03-26 07:00 PM","17801 International Boulevard, Seattle, WA 98158","17801 International Boulevard, Seattle, WA 98158","Guest cancellation","","","","8","$0.00","$0.00","$0.00","$0.00","$0.00","$0.00","$0.00","$0.00","$0.00","$0.00","$0.00","$0.00","$0.00","$0.00","$0.00","$0.00","$0.00","$0.00","$0.00","$0.00","$0.00","$0.00","$0.00","$0.00","$0.00","$0.00","$0.00","$0.00","$0.00","$0.00","$0.00","$0.00"
"54141558","Marilize C.","#6 CX-50 CTL3409 (WA #CTL3409)","Mazda CX-50 2025","3194251","7MMVABAM2SN362658","2026-03-25 12:30 PM","2026-03-28 09:00 AM","707 South Grady Way, Renton, WA 98057","707 South Grady Way, Renton, WA 98057","Guest cancellation","","","","3","$0.00","$0.00","$0.00","$0.00","$0.00","$0.00","$0.00","$0.00","$0.00","$0.00","$0.00","$0.00","$0.00","$0.00","$0.00","$45.30","$0.00","$0.00","$0.00","$0.00","$0.00","$0.00","$0.00","$0.00","$0.00","$0.00","$0.00","$0.00","$0.00","$0.00","$0.00","$45.30"
"54143568","Ning Z.","#13 CR-V CWF7613 (WA #CWF7613)","Honda CR-V 2025","3567962","2HKRS4H27SH405308","2026-05-25 09:30 AM","2026-05-30 09:30 AM","17801 International Boulevard, Seattle, WA 98158","17801 International Boulevard, Seattle, WA 98158","Completed","14239","","","5","$252.90","$0.00","- $12.64","$0.00","$0.00","$0.00","$0.00","$0.00","$0.00","- $25.29","$0.00","$0.00","$27.00","$0.00","$0.00","$0.00","$0.00","$0.00","$0.00","$0.00","$0.00","$0.00","$0.00","$0.00","$0.00","$0.00","$0.00","$0.00","$0.00","$0.00","$0.00","$241.97"
"54153227","Emily C.","#14 Outlander D82070J (WA #D82070J)","Mitsubishi Outlander 2024","3575991","JA4J4VA8XRZ071185","2026-02-15 10:00 AM","2026-02-19 02:00 PM","707 South Grady Way, Renton, WA 98057","707 South Grady Way, Renton, WA 98057","Completed","57499","58093","594","5","$261.00","$0.00","- $13.05","$0.00","$0.00","$0.00","$0.00","$0.00","$0.00","$0.00","$0.00","$0.00","$0.00","$0.00","$0.00","$0.00","$0.00","$0.00","$0.00","$0.00","$0.00","$0.00","$0.00","$0.00","$0.00","$0.00","$0.00","$25.07","$0.00","$0.00","$0.00","$273.02"
"54153525","ROSEERRINE M.","#14 Outlander D82070J (WA #D82070J)","Mitsubishi Outlander 2024","3575991","JA4J4VA8XRZ071185","2026-02-20 11:30 AM","2026-02-22 02:00 PM","17801 International Boulevard, Seattle, WA 98158","17801 International Boulevard, Seattle, WA 98158","Completed","58103","","","3","$139.51","$0.00","- $6.98","$0.00","$0.00","$0.00","$0.00","$0.00","$0.00","- $13.95","$0.00","$0.00","$0.00","$0.00","$0.00","$0.00","$0.00","$0.00","$0.00","$0.00","$0.00","$7.45","$0.00","$0.00","$0.00","$0.00","$0.00","$0.00","$0.00","$0.00","$0.00","$126.03"
"54157004","Amanda I.","#1 Bronco Sport CSD5744 (WA #CSD5744)","Ford Bronco Sport 2024","3090505","3FMCR9B67RRF51219","2026-02-20 08:30 PM","2026-02-23 05:00 PM","17801 International Boulevard, Seattle, WA 98158","17801 International Boulevard, Seattle, WA 98158","Completed","25994","26019","25","3","$156.60","$0.00","- $7.83","$0.00","$0.00","$0.00","$0.00","$0.00","$0.00","$0.00","$0.00","$0.00","$27.00","$0.00","$0.00","$0.00","$0.00","$0.00","$0.00","$0.00","$0.00","$0.00","$0.00","$0.00","$0.00","$0.00","$0.00","$0.00","$0.00","$0.00","$0.00","$175.77"
"54159301","Laaganaay Kaa Tsaas T.","#12 Ford Bronco Sport SWA7154 (WA #CWA7154)","Ford Bronco Sport 2025","3549192","3FMCR9BN7SRF76361","2026-02-15 06:30 PM","2026-02-18 07:00 PM","17801 International Boulevard, Seattle, WA 98158","17801 International Boulevard, Seattle, WA 98158","Completed","1303","","","4","$209.70","$10.48","- $11.01","$0.00","$0.00","$0.00","$0.00","$0.00","$0.00","$0.00","$0.00","$0.00","$27.00","$0.00","$0.00","$0.00","$0.00","$0.00","$0.00","$0.00","$0.00","$0.00","$0.00","$0.00","$0.00","$0.00","$0.00","$0.00","$0.00","$0.00","$0.00","$236.17"
"54193874","Damon S.","#11 Outback CMV2996 (WA #CMV2996)","Subaru Outback 2024","3092194","4S4BTACC7R3286674","2026-07-09 02:00 PM","2026-07-16 09:00 AM","17801 International Boulevard, Seattle, WA 98158","17801 International Boulevard, Seattle, WA 98158","Booked","","","","7","$618.30","$0.00","$0.00","- $92.74","$0.00","$0.00","$0.00","$0.00","$0.00","$0.00","$0.00","$0.00","$27.00","$0.00","$0.00","$0.00","$0.00","$0.00","$0.00","$0.00","$0.00","$0.00","$0.00","$0.00","$0.00","$0.00","$0.00","$0.00","$0.00","$0.00","$0.00","$552.56"
"54217152","Ahmed A.","#13 CR-V CWF7613 (WA #CWF7613)","Honda CR-V 2025","3567962","2HKRS4H27SH405308","2026-03-29 10:00 AM","2026-04-22 09:30 AM","707 South Grady Way, Renton, WA 98057","707 South Grady Way, Renton, WA 98057","Completed","10975","12545","1570","24","$1,074.60","$0.00","$0.00","$0.00","$0.00","- $268.65","$0.00","$0.00","$0.00","$0.00","$0.00","$0.00","$0.00","$0.00","$0.00","$0.00","$0.00","$0.00","$0.00","$0.00","$0.00","$0.00","$0.00","$0.00","$0.00","$0.00","$0.00","$0.00","$0.00","$0.00","$0.00","$805.95"
"54221929","Julian R.","#10 Outback CHW4262 (WA #CHW4262)","Subaru Outback 2023","3374613","4S4BTACC8P3213469","2026-02-19 01:30 PM","2026-02-23 08:00 AM","17801 International Boulevard, Seattle, WA 98158","17801 International Boulevard, Seattle, WA 98158","Completed","70895","71100","205","4","$179.10","$0.00","- $8.96","$0.00","$0.00","$0.00","$0.00","$0.00","$0.00","$0.00","$0.00","$0.00","$27.00","$0.00","$0.00","$0.00","$0.00","$0.00","$0.00","$0.00","$0.00","$2.40","$0.00","$0.00","$0.00","$0.00","$0.00","$0.00","$0.00","$0.00","$0.00","$199.54"
"54238885","Rachel R.","#4 CX-30 CPR8256 (WA #CPR8256)","Mazda CX-30 2025","3089013","3MVDMBBM1SM798816","2026-08-09 08:00 AM","2026-08-15 05:30 PM","17801 International Boulevard, Seattle, WA 98158","17801 International Boulevard, Seattle, WA 98158","Booked","","","","7","$520.20","$0.00","$0.00","- $78.03","$0.00","$0.00","$0.00","$0.00","$0.00","$0.00","$0.00","$0.00","$27.00","$0.00","$27.00","$0.00","$0.00","$0.00","$0.00","$0.00","$0.00","$0.00","$0.00","$0.00","$0.00","$0.00","$0.00","$0.00","$0.00","$0.00","$0.00","$496.17"
"54249150","CHIH-YUAN W.","#14 Outlander D82070J (WA #D82070J)","Mitsubishi Outlander 2024","3575991","JA4J4VA8XRZ071185","2026-06-20 06:30 PM","2026-06-29 06:30 PM","17801 International Boulevard, Seattle, WA 98158","17801 International Boulevard, Seattle, WA 98158","Guest cancellation","","","","9","$0.00","$0.00","$0.00","$0.00","$0.00","$0.00","$0.00","$0.00","$0.00","$0.00","$0.00","$0.00","$0.00","$0.00","$0.00","$0.00","$0.00","$0.00","$0.00","$0.00","$0.00","$0.00","$0.00","$0.00","$0.00","$0.00","$0.00","$0.00","$0.00","$0.00","$0.00","$0.00"
"54278353","Abdullah P.","#1 Bronco Sport CSD5744 (WA #CSD5744)","Ford Bronco Sport 2024","3090505","3FMCR9B67RRF51219","2026-06-04 07:00 PM","2026-06-07 06:00 PM","17801 International Boulevard, Seattle, WA 98158","17801 International Boulevard, Seattle, WA 98158","Completed","31752","32113","361","3","$294.30","$0.00","- $14.72","$0.00","$0.00","$0.00","$0.00","$0.00","$0.00","- $29.43","$0.00","$0.00","$27.00","$0.00","$0.00","$0.00","$0.00","$0.00","$0.00","$0.00","$0.00","$0.00","$0.00","$0.00","$0.00","$0.00","$0.00","$0.00","$0.00","$0.00","$0.00","$277.15"
"54280508","Jeffrey P.","#6 CX-50 CTL3409 (WA #CTL3409)","Mazda CX-50 2025","3194251","7MMVABAM2SN362658","2026-02-20 10:00 PM","2026-02-22 07:30 PM","707 South Grady Way, Renton, WA 98057","707 South Grady Way, Renton, WA 98057","Completed","20454","20806","352","2","$99.90","$0.00","$0.00","$0.00","$0.00","$0.00","$0.00","$0.00","$0.00","$0.00","$0.00","$0.00","$0.00","$0.00","$27.00","$0.00","$0.00","$0.00","$0.00","$0.00","$0.00","$1.25","$0.00","$0.00","$0.00","$0.00","$0.00","$0.00","$0.00","$0.00","$0.00","$128.15"
"54289412","Mark I.","#6 CX-50 CTL3409 (WA #CTL3409)","Mazda CX-50 2025","3194251","7MMVABAM2SN362658","2026-04-10 01:30 PM","2026-04-12 01:30 PM","17801 International Boulevard, Seattle, WA 98158","17801 International Boulevard, Seattle, WA 98158","Completed","23426","23512","86","2","$98.10","$0.00","$0.00","$0.00","$0.00","$0.00","$0.00","$0.00","$0.00","$0.00","$0.00","$0.00","$27.00","$0.00","$36.00","$0.00","$0.00","$0.00","$0.00","$0.00","$0.00","$0.00","$0.00","$0.00","$0.00","$0.00","$0.00","$46.16","$0.00","$0.00","$0.00","$207.26"
"54300288","Jesse S.","#13 CR-V CWF7613 (WA #CWF7613)","Honda CR-V 2025","3567962","2HKRS4H27SH405308","2026-02-20 10:00 AM","2026-03-06 10:00 AM","707 South Grady Way, Renton, WA 98057","707 South Grady Way, Renton, WA 98057","Completed","7047","","","14","$596.70","$0.00","$0.00","$0.00","- $119.34","$0.00","$0.00","$0.00","$0.00","$0.00","$0.00","$0.00","$0.00","$0.00","$0.00","$0.00","$0.00","$0.00","$0.00","$0.00","$0.00","$0.00","$0.00","$0.00","$0.00","$0.00","$0.00","$0.00","$0.00","$0.00","$0.00","$477.36"
"54309189","Zachary N.","#6 CX-50 CTL3409 (WA #CTL3409)","Mazda CX-50 2025","3194251","7MMVABAM2SN362658","2026-03-05 10:00 AM","2026-03-10 01:00 PM","17801 International Boulevard, Seattle, WA 98158","17801 International Boulevard, Seattle, WA 98158","Guest cancellation","","","","6","$0.00","$0.00","$0.00","$0.00","$0.00","$0.00","$0.00","$0.00","$0.00","$0.00","$0.00","$0.00","$0.00","$0.00","$0.00","$0.00","$0.00","$0.00","$0.00","$0.00","$0.00","$0.00","$0.00","$0.00","$0.00","$0.00","$0.00","$0.00","$0.00","$0.00","$0.00","$0.00"
"54309936","Mary L.","#11 Outback CMV2996 (WA #CMV2996)","Subaru Outback 2024","3092194","4S4BTACC7R3286674","2026-03-31 10:00 AM","2026-04-18 10:00 AM","17801 International Boulevard, Seattle, WA 98158","17801 International Boulevard, Seattle, WA 98158","Completed","32849","33990","1141","18","$855.00","$0.00","$0.00","$0.00","- $171.00","$0.00","$0.00","$0.00","$0.00","$0.00","$0.00","$0.00","$27.00","$0.00","$0.00","$0.00","$0.00","$0.00","$0.00","$0.00","$0.00","$1.55","$0.00","$0.00","$0.00","$0.00","$0.00","$0.00","$0.00","$0.00","$0.00","$712.55"
"54337240","Julio I.","#10 Outback CHW4262 (WA #CHW4262)","Subaru Outback 2023","3374613","4S4BTACC8P3213469","2026-02-24 09:00 PM","2026-02-27 12:00 PM","17801 International Boulevard, Seattle, WA 98158","17801 International Boulevard, Seattle, WA 98158","Completed","71102","71422","320","3","$117.90","$0.00","- $5.90","$0.00","$0.00","$0.00","$0.00","$0.00","$0.00","- $11.79","$0.00","$0.00","$27.00","$0.00","$0.00","$0.00","$0.00","$0.00","$0.00","$0.00","$0.00","$0.00","$0.00","$0.00","$0.00","$0.00","$0.00","$40.84","$0.00","$0.00","$0.00","$168.05"
"54370990","Patrick M.","#8 Ascent CMW9721 (WA #CMW9721)","Subaru Ascent 2024","3344650","4S4WMAND8R3441754","2026-12-23 07:00 AM","2026-12-30 09:30 AM","17801 International Boulevard, Seattle, WA 98158","17801 International Boulevard, Seattle, WA 98158","Booked","","","","8","$696.60","$0.00","$0.00","- $104.49","$0.00","$0.00","$0.00","$0.00","$0.00","$0.00","$0.00","$0.00","$27.00","$0.00","$27.00","$0.00","$0.00","$0.00","$0.00","$0.00","$0.00","$0.00","$0.00","$0.00","$0.00","$0.00","$0.00","$0.00","$0.00","$0.00","$0.00","$646.11"
"54378403","Nicholas S.","#6 CX-50 CTL3409 (WA #CTL3409)","Mazda CX-50 2025","3194251","7MMVABAM2SN362658","2026-02-27 06:00 PM","2026-03-02 06:00 PM","11927 Northeast 162nd Lane, Bothell, WA 98011","11927 Northeast 162nd Lane, Bothell, WA 98011","Completed","20927","","","3","$134.10","$0.00","- $6.70","$0.00","$0.00","$0.00","$0.00","$0.00","$0.00","- $13.41","$0.00","$0.00","$108.00","$0.00","$0.00","$0.00","$0.00","$0.00","$0.00","$0.00","$0.00","$0.00","$0.00","$0.00","$0.00","$0.00","$0.00","$0.00","$0.00","$0.00","$0.00","$221.99"
"54390784","Summer W.","#8 Ascent CMW9721 (WA #CMW9721)","Subaru Ascent 2024","3344650","4S4WMAND8R3441754","2026-07-09 10:00 AM","2026-07-18 10:00 AM","17801 International Boulevard, Seattle, WA 98158","17801 International Boulevard, Seattle, WA 98158","Booked","","","","9","$953.10","$0.00","$0.00","- $123.80","$0.00","$0.00","$0.00","$0.00","$0.00","$0.00","$0.00","$0.00","$27.00","$0.00","$0.00","$0.00","$0.00","$0.00","$0.00","$0.00","$0.00","$0.00","$0.00","$0.00","$0.00","$0.00","$0.00","$0.00","$0.00","$0.00","$0.00","$856.30"
"54392791","Jill R.","#14 Outlander D82070J (WA #D82070J)","Mitsubishi Outlander 2024","3575991","JA4J4VA8XRZ071185","2026-03-05 10:00 AM","2026-03-20 10:00 AM","17801 International Boulevard, Seattle, WA 98158","17801 International Boulevard, Seattle, WA 98158","Completed","58626","59433","807","15","$707.40","$0.00","$0.00","$0.00","- $141.48","$0.00","$0.00","$0.00","$0.00","- $70.74","$0.00","$0.00","$27.00","$0.00","$0.00","$0.00","$0.00","$0.00","$0.00","$0.00","$0.00","$0.00","$0.00","$0.00","$0.00","$0.00","$0.00","$0.00","$0.00","$0.00","$0.00","$522.18"
"54397486","Kandi Rochelle J.","#12 Ford Bronco Sport SWA7154 (WA #CWA7154)","Ford Bronco Sport 2025","3549192","3FMCR9BN7SRF76361","2026-03-20 10:00 AM","2026-03-23 02:00 PM","411 University Street, Seattle, WA 98101","411 University Street, Seattle, WA 98101","Completed","3146","3575","429","4","$226.80","$0.00","- $11.34","$0.00","$0.00","$0.00","$0.00","$0.00","$0.00","- $22.68","$0.00","$0.00","$108.00","$0.00","$0.00","$0.00","$0.00","$0.00","$0.00","$0.00","$0.00","$0.00","$0.00","$0.00","$0.00","$0.00","$0.00","$0.00","$0.00","$0.00","$0.00","$300.78"
"54409465","Ryan P.","#7 CX-30 (WA #CVU0759)","Mazda CX-30 2026","3587146","3MVDMBAL4TM116716","2026-02-28 02:00 PM","2026-03-08 10:30 AM","17801 International Boulevard, Seattle, WA 98158","17801 International Boulevard, Seattle, WA 98158","Completed","488","815","327","8","$333.90","$0.00","$0.00","- $50.08","$0.00","$0.00","$0.00","$0.00","$0.00","- $33.39","$0.00","$0.00","$27.00","$0.00","$0.00","$0.00","$0.00","$0.00","$0.00","$0.00","$0.00","$13.25","$0.00","$0.00","$0.00","$0.00","$0.00","$0.00","$0.00","$0.00","$0.00","$290.68"
"54412956","Nathan S.","#7 CX-30 (WA #CVU0759)","Mazda CX-30 2026","3587146","3MVDMBAL4TM116716","2026-07-13 09:00 AM","2026-07-22 10:00 PM","17801 International Boulevard, Seattle, WA 98158","17801 International Boulevard, Seattle, WA 98158","Booked","","","","10","$802.80","$0.00","$0.00","- $120.42","$0.00","$0.00","$0.00","$0.00","$0.00","$0.00","$0.00","$0.00","$27.00","$0.00","$0.00","$0.00","$0.00","$0.00","$0.00","$0.00","$0.00","$0.00","$0.00","$0.00","$0.00","$0.00","$0.00","$0.00","$0.00","$0.00","$0.00","$709.38"
"54423343","Charlie T.","#7 CX-30 (WA #CVU0759)","Mazda CX-30 2026","3587146","3MVDMBAL4TM116716","2026-02-23 06:30 PM","2026-02-28 10:30 AM","707 South Grady Way, Renton, WA 98057","707 South Grady Way, Renton, WA 98057","Completed","257","","","5","$184.50","$14.76","- $8.12","$0.00","$0.00","$0.00","$0.00","$0.00","$0.00","$0.00","$0.00","$0.00","$0.00","$0.00","$0.00","$0.00","$0.00","$0.00","$0.00","$0.00","$0.00","$0.00","$0.00","$0.00","$0.00","$0.00","$0.00","$0.00","$0.00","$0.00","$0.00","$191.14"
"54425258","Daniela F.","#4 CX-30 CPR8256 (WA #CPR8256)","Mazda CX-30 2025","3089013","3MVDMBBM1SM798816","2026-04-03 10:30 AM","2026-04-06 09:30 PM","707 South Grady Way, Renton, WA 98057","707 South Grady Way, Renton, WA 98057","Completed","32073","32598","525","4","$170.10","$0.00","- $8.50","$0.00","$0.00","$0.00","$0.00","$0.00","$0.00","- $17.01","$0.00","$0.00","$27.00","$0.00","$0.00","$0.00","$0.00","$0.00","$0.00","$0.00","$0.00","$4.50","$0.00","$0.00","$0.00","$0.00","$0.00","$0.00","$0.00","$0.00","$0.00","$176.09"
"54443374","Nyela R.","#14 Outlander D82070J (WA #D82070J)","Mitsubishi Outlander 2024","3575991","JA4J4VA8XRZ071185","2026-02-25 05:00 PM","2026-03-01 05:00 PM","17801 International Boulevard, Seattle, WA 98158","17801 International Boulevard, Seattle, WA 98158","Completed","58371","","","4","$187.20","$0.00","- $9.36","$0.00","$0.00","$0.00","$0.00","$0.00","$0.00","$0.00","$0.00","$0.00","$27.00","$0.00","$0.00","$0.00","$0.00","$0.00","$0.00","$0.00","$0.00","$0.00","$0.00","$0.00","$0.00","$0.00","$0.00","$0.00","$0.00","$0.00","$0.00","$204.84"
"54446228","Gary I.","#14 Outlander D82070J (WA #D82070J)","Mitsubishi Outlander 2024","3575991","JA4J4VA8XRZ071185","2026-04-03 02:00 PM","2026-04-16 11:30 AM","707 South Grady Way, Renton, WA 98057","707 South Grady Way, Renton, WA 98057","Completed","59970","61023","1053","13","$654.30","$0.00","$0.00","- $85.18","$0.00","$0.00","$0.00","$0.00","$0.00","- $56.92","$0.00","$0.00","$0.00","$0.00","$0.00","$0.00","$0.00","$0.00","$0.00","$0.00","$0.00","$5.10","$0.00","$0.00","$0.00","$0.00","$0.00","$0.00","$0.00","$0.00","$0.00","$517.30"
"54471580","Jessica C.","#6 CX-50 CTL3409 (WA #CTL3409)","Mazda CX-50 2025","3194251","7MMVABAM2SN362658","2026-03-06 06:00 PM","2026-03-13 07:00 AM","17801 International Boulevard, Seattle, WA 98158","17801 International Boulevard, Seattle, WA 98158","Completed","21459","21944","485","7","$306.00","$0.00","$0.00","- $45.90","$0.00","$0.00","$0.00","$0.00","$0.00","$0.00","$0.00","$0.00","$27.00","$0.00","$0.00","$0.00","$0.00","$0.00","$0.00","$0.00","$0.00","$3.60","$0.00","$0.00","$0.00","$0.00","$0.00","$42.64","$0.00","$0.00","$0.00","$333.34"
"54477837","Sarah S.","#14 Outlander D82070J (WA #D82070J)","Mitsubishi Outlander 2024","3575991","JA4J4VA8XRZ071185","2026-06-13 10:00 AM","2026-06-19 10:00 AM","17801 International Boulevard, Seattle, WA 98158","17801 International Boulevard, Seattle, WA 98158","Completed","64349","65411","1062","6","$512.10","$0.00","- $25.60","$0.00","$0.00","$0.00","$0.00","$0.00","$0.00","- $48.65","$0.00","$0.00","$27.00","$0.00","$27.00","$0.00","$0.00","$0.00","$0.00","$0.00","$0.00","$0.00","$0.00","$0.00","$0.00","$0.00","$0.00","$0.00","$0.00","$0.00","$0.00","$491.85"
"54478719","JOSEPHINEGRACE B.","#7 CX-30 (WA #CVU0759)","Mazda CX-30 2026","3587146","3MVDMBAL4TM116716","2026-03-20 08:00 AM","2026-03-24 10:30 AM","17801 International Boulevard, Seattle, WA 98158","17801 International Boulevard, Seattle, WA 98158","Completed","1744","2353","609","5","$228.60","$0.00","- $11.43","$0.00","$0.00","$0.00","$0.00","$0.00","$0.00","- $22.86","$0.00","$0.00","$27.00","$0.00","$0.00","$0.00","$0.00","$0.00","$0.00","$0.00","$0.00","$0.00","$0.00","$0.00","$0.00","$0.00","$0.00","$0.00","$0.00","$0.00","$0.00","$221.31"
"54508684","Caleb S.","#5 CX-30 CPR8911 (WA #CPR8911)","Mazda CX-30 2025","3090357","3MVDMBBM1SM805876","2026-07-04 06:00 PM","2026-07-17 06:00 PM","17801 International Boulevard, Seattle, WA 98158","17801 International Boulevard, Seattle, WA 98158","Booked","","","","13","$1,158.30","$0.00","$0.00","- $173.74","$0.00","$0.00","$0.00","$0.00","$0.00","- $115.83","$0.00","$0.00","$27.00","$0.00","$27.00","$0.00","$0.00","$0.00","$0.00","$0.00","$0.00","$0.00","$0.00","$0.00","$0.00","$0.00","$0.00","$0.00","$0.00","$0.00","$0.00","$922.73"
"54513661","Todd B.","#4 CX-30 CPR8256 (WA #CPR8256)","Mazda CX-30 2025","3089013","3MVDMBBM1SM798816","2026-04-22 01:00 PM","2026-04-27 10:00 AM","17801 International Boulevard, Seattle, WA 98158","17801 International Boulevard, Seattle, WA 98158","Guest cancellation","33226","","","5","$0.00","$0.00","$0.00","$0.00","$0.00","$0.00","$0.00","$0.00","$0.00","$0.00","$0.00","$0.00","$0.00","$0.00","$0.00","$0.00","$0.00","$0.00","$0.00","$0.00","$0.00","$0.00","$0.00","$0.00","$0.00","$0.00","$0.00","$0.00","$0.00","$0.00","$0.00","$0.00"
"54523895","Rudy G.","#8 Ascent CMW9721 (WA #CMW9721)","Subaru Ascent 2024","3344650","4S4WMAND8R3441754","2026-02-27 12:30 PM","2026-03-01 08:30 PM","707 South Grady Way, Renton, WA 98057","707 South Grady Way, Renton, WA 98057","Completed","38900","39401","501","3","$164.70","$0.00","- $8.24","$0.00","$0.00","$0.00","$0.00","$0.00","$0.00","$0.00","$0.00","$0.00","$0.00","$0.00","$27.00","$0.00","$0.00","$0.00","$0.00","$0.00","$0.00","$0.00","$0.00","$0.00","$0.00","$0.00","$0.00","$0.00","$0.00","$0.00","$0.00","$183.46"
"54527821","Antwan P.","#12 Ford Bronco Sport SWA7154 (WA #CWA7154)","Ford Bronco Sport 2025","3549192","3FMCR9BN7SRF76361","2026-02-26 03:00 PM","2026-02-27 11:30 AM","707 South Grady Way, Renton, WA 98057","707 South Grady Way, Renton, WA 98057","Completed","1676","1787","111","1","$45.00","$2.25","$0.00","$0.00","$0.00","$0.00","$0.00","$0.00","$0.00","$0.00","$0.00","$0.00","$0.00","$0.00","$0.00","$0.00","$0.00","$0.00","$0.00","$0.00","$0.00","$0.00","$0.00","$0.00","$0.00","$0.00","$0.00","$0.00","$0.00","$0.00","$0.00","$47.25"
"54539682","Arielle M.","#8 Ascent CMW9721 (WA #CMW9721)","Subaru Ascent 2024","3344650","4S4WMAND8R3441754","2026-03-18 09:00 AM","2026-03-23 11:00 AM","17801 International Boulevard, Seattle, WA 98158","17801 International Boulevard, Seattle, WA 98158","Completed","39988","40245","257","6","$351.00","$0.00","- $17.55","$0.00","$0.00","$0.00","$0.00","$0.00","$0.00","- $35.10","$0.00","$0.00","$27.00","$0.00","$40.50","$0.00","$0.00","$0.00","$0.00","$0.00","$0.00","$0.00","$0.00","$0.00","$0.00","$0.00","$0.00","$0.00","$0.00","$0.00","$0.00","$365.85"
"54558018","Johnelle S.","#10 Outback CHW4262 (WA #CHW4262)","Subaru Outback 2023","3374613","4S4BTACC8P3213469","2026-03-09 08:30 PM","2026-03-13 10:30 AM","17801 International Boulevard, Seattle, WA 98158","17801 International Boulevard, Seattle, WA 98158","Completed","72425","","","4","$185.40","$0.00","- $9.27","$0.00","$0.00","$0.00","$0.00","$0.00","$0.00","- $18.54","$0.00","$0.00","$27.00","$0.00","$0.00","$0.00","$0.00","$0.00","$0.00","$0.00","$0.00","$10.55","$0.00","$0.00","$0.00","$0.00","$0.00","$0.00","$0.00","$0.00","$0.00","$195.14"
"54565930","Bruce I.","#14 Outlander D82070J (WA #D82070J)","Mitsubishi Outlander 2024","3575991","JA4J4VA8XRZ071185","2026-05-28 10:30 AM","2026-05-28 04:30 PM","17801 International Boulevard, Seattle, WA 98158","17801 International Boulevard, Seattle, WA 98158","Completed","63066","","","1","$202.50","$0.00","- $10.12","$0.00","$0.00","$0.00","$0.00","$0.00","$0.00","- $20.25","$0.00","$0.00","$27.00","$0.00","$0.00","$0.00","$0.00","$0.00","$0.00","$0.00","$0.00","$0.00","$0.00","$0.00","$0.00","$0.00","$0.00","$0.00","$0.00","$0.00","$0.00","$199.13"
"54571313","Bailey G.","#5 CX-30 CPR8911 (WA #CPR8911)","Mazda CX-30 2025","3090357","3MVDMBBM1SM805876","2026-03-26 11:00 AM","2026-03-29 09:00 PM","17801 International Boulevard, Seattle, WA 98158","17801 International Boulevard, Seattle, WA 98158","Completed","30425","","","4","$178.20","$0.00","- $8.91","$0.00","$0.00","$0.00","$0.00","$0.00","$0.00","- $17.82","$0.00","$0.00","$27.00","$0.00","$0.00","$0.00","$0.00","$0.00","$0.00","$0.00","$0.00","$0.00","$0.00","$0.00","$0.00","$0.00","$0.00","$0.00","$0.00","$0.00","$0.00","$178.47"
"54573057","Collin P.","#2 Bronco Sport CTD5399 (WA #CTD5399)","Ford Bronco Sport 2025","3144760","3FMCR9BN3SRE66889","2026-03-25 01:30 PM","2026-03-29 12:30 PM","17801 International Boulevard, Seattle, WA 98158","17801 International Boulevard, Seattle, WA 98158","Completed","26033","26074","41","4","$225.90","$0.00","- $11.30","$0.00","$0.00","$0.00","$0.00","$0.00","$0.00","- $22.59","$0.00","$0.00","$27.00","$0.00","$0.00","$0.00","$0.00","$0.00","$0.00","$0.00","$0.00","$0.00","$0.00","$0.00","$0.00","$0.00","$0.00","$27.46","$0.00","$0.00","$0.00","$246.47"
"54602904","Allen T.","#11 Outback CMV2996 (WA #CMV2996)","Subaru Outback 2024","3092194","4S4BTACC7R3286674","2026-03-05 03:30 PM","2026-03-09 11:30 AM","17801 International Boulevard, Seattle, WA 98158","17801 International Boulevard, Seattle, WA 98158","Completed","32013","32231","218","4","$197.10","$0.00","- $9.86","$0.00","$0.00","$0.00","$0.00","$0.00","$0.00","- $19.71","$0.00","$0.00","$27.00","$0.00","$0.00","$0.00","$0.00","$0.00","$0.00","$0.00","$0.00","$0.00","$0.00","$0.00","$0.00","$0.00","$0.00","$0.00","$0.00","$0.00","$0.00","$194.53"
"54606290","Jimmya C.","#7 CX-30 (WA #CVU0759)","Mazda CX-30 2026","3587146","3MVDMBAL4TM116716","2026-03-15 10:00 AM","2026-03-19 09:00 AM","707 South Grady Way, Renton, WA 98057","707 South Grady Way, Renton, WA 98057","Completed","1375","1744","369","4","$195.30","$0.00","- $7.38","$0.00","$0.00","$0.00","$0.00","$0.00","$0.00","$0.00","$0.00","$0.00","$0.00","$0.00","$0.00","$0.00","$0.00","$0.00","$0.00","$0.00","$0.00","$0.00","$0.00","$0.00","$0.00","$0.00","$0.00","$0.00","$0.00","$0.00","$0.00","$187.92"
"54615277","Ronald H.","#13 CR-V CWF7613 (WA #CWF7613)","Honda CR-V 2025","3567962","2HKRS4H27SH405308","2026-06-09 06:00 PM","2026-06-16 10:00 AM","17801 International Boulevard, Seattle, WA 98158","17801 International Boulevard, Seattle, WA 98158","Guest cancellation","","","","7","$0.00","$0.00","$0.00","$0.00","$0.00","$0.00","$0.00","$0.00","$0.00","$0.00","$0.00","$0.00","$0.00","$0.00","$0.00","$0.00","$0.00","$0.00","$0.00","$0.00","$0.00","$0.00","$0.00","$0.00","$0.00","$0.00","$0.00","$0.00","$0.00","$0.00","$0.00","$0.00"
"54618817","Audrey P.","#2 Bronco Sport CTD5399 (WA #CTD5399)","Ford Bronco Sport 2025","3144760","3FMCR9BN3SRE66889","2026-09-21 09:00 AM","2026-09-26 03:30 PM","17801 International Boulevard, Seattle, WA 98158","17801 International Boulevard, Seattle, WA 98158","Booked","","","","6","$373.50","$0.00","- $18.68","$0.00","$0.00","$0.00","$0.00","$0.00","$0.00","$0.00","$0.00","$0.00","$27.00","$0.00","$0.00","$0.00","$0.00","$0.00","$0.00","$0.00","$0.00","$0.00","$0.00","$0.00","$0.00","$0.00","$0.00","$0.00","$0.00","$0.00","$0.00","$381.82"
"54625410","Brittany G.","#14 Outlander D82070J (WA #D82070J)","Mitsubishi Outlander 2024","3575991","JA4J4VA8XRZ071185","2026-03-20 06:30 PM","2026-03-26 05:00 PM","17801 International Boulevard, Seattle, WA 98158","17801 International Boulevard, Seattle, WA 98158","Completed","59433","59538","105","6","$313.20","$0.00","- $15.66","$0.00","$0.00","$0.00","$0.00","$0.00","$0.00","- $31.32","$0.00","$0.00","$27.00","$0.00","$0.00","$0.00","$0.00","$0.00","$0.00","$0.00","$0.00","$4.90","$0.00","$0.00","$0.00","$0.00","$0.00","$44.12","$0.00","$0.00","$0.00","$342.24"
"54630041","Brian H.","#7 CX-30 (WA #CVU0759)","Mazda CX-30 2026","3587146","3MVDMBAL4TM116716","2026-07-29 01:00 PM","2026-08-05 01:00 PM","17801 International Boulevard, Seattle, WA 98158","17801 International Boulevard, Seattle, WA 98158","Guest cancellation","","","","7","$0.00","$0.00","$0.00","$0.00","$0.00","$0.00","$0.00","$0.00","$0.00","$0.00","$0.00","$0.00","$0.00","$0.00","$0.00","$0.00","$0.00","$0.00","$0.00","$0.00","$0.00","$0.00","$0.00","$0.00","$0.00","$0.00","$0.00","$0.00","$0.00","$0.00","$0.00","$0.00"
"54646762","Kirk H.","#1 Bronco Sport CSD5744 (WA #CSD5744)","Ford Bronco Sport 2024","3090505","3FMCR9B67RRF51219","2026-07-04 11:00 AM","2026-07-09 01:30 PM","17801 International Boulevard, Seattle, WA 98158","17801 International Boulevard, Seattle, WA 98158","Booked","","","","6","$578.70","$0.00","- $28.94","$0.00","$0.00","$0.00","$0.00","$0.00","$0.00","$0.00","$0.00","$0.00","$27.00","$0.00","$0.00","$0.00","$0.00","$0.00","$0.00","$0.00","$0.00","$0.00","$0.00","$0.00","$0.00","$0.00","$0.00","$0.00","$0.00","$0.00","$0.00","$576.76"
"54659323","Nathan M.","#5 CX-30 CPR8911 (WA #CPR8911)","Mazda CX-30 2025","3090357","3MVDMBBM1SM805876","2026-04-15 12:00 PM","2026-04-16 12:00 PM","707 South Grady Way, Renton, WA 98057","707 South Grady Way, Renton, WA 98057","Completed","32084","32153","69","1","$240.30","$0.00","- $12.02","$0.00","$0.00","$0.00","$0.00","$0.00","$0.00","- $24.03","$0.00","$0.00","$0.00","$0.00","$0.00","$0.00","$0.00","$0.00","$0.00","$0.00","$0.00","$0.00","$0.00","$0.00","$0.00","$0.00","$0.00","$28.47","$0.00","$0.00","$0.00","$232.72"
"54663905","Scott J.","#10 Outback CHW4262 (WA #CHW4262)","Subaru Outback 2023","3374613","4S4BTACC8P3213469","2026-04-08 09:00 AM","2026-04-12 05:00 PM","17801 International Boulevard, Seattle, WA 98158","17801 International Boulevard, Seattle, WA 98158","Completed","74513","74901","388","5","$247.50","$0.00","- $12.38","$0.00","$0.00","$0.00","$0.00","$0.00","$0.00","$0.00","$0.00","$0.00","$27.00","$0.00","$0.00","$0.00","$0.00","$0.00","$0.00","$0.00","$0.00","$0.00","$0.00","$0.00","$0.00","$0.00","$0.00","$0.00","$0.00","$0.00","$0.00","$262.12"
"54675353","Madison N.","#1 Bronco Sport CSD5744 (WA #CSD5744)","Ford Bronco Sport 2024","3090505","3FMCR9B67RRF51219","2026-07-16 07:00 AM","2026-07-19 07:00 AM","17801 International Boulevard, Seattle, WA 98158","17801 International Boulevard, Seattle, WA 98158","Booked","","","","3","$325.80","$0.00","- $16.29","$0.00","$0.00","$0.00","$0.00","$0.00","$0.00","- $32.58","$0.00","$0.00","$27.00","$0.00","$0.00","$0.00","$0.00","$0.00","$0.00","$0.00","$0.00","$0.00","$0.00","$0.00","$0.00","$0.00","$0.00","$0.00","$0.00","$0.00","$0.00","$303.93"
"54690473","Matthew C.","#6 CX-50 CTL3409 (WA #CTL3409)","Mazda CX-50 2025","3194251","7MMVABAM2SN362658","2026-06-02 01:30 PM","2026-06-09 08:00 PM","17801 International Boulevard, Seattle, WA 98158","17801 International Boulevard, Seattle, WA 98158","Completed","26843","27880","1037","8","$573.30","$0.00","$0.00","- $86.00","$0.00","$0.00","$0.00","$0.00","$0.00","- $57.33","$0.00","$0.00","$27.00","$0.00","$0.00","$0.00","$0.00","$0.00","$0.00","$0.00","$0.00","$0.00","$0.00","$0.00","$0.00","$0.00","$0.00","$0.00","$0.00","$0.00","$0.00","$456.97"
"54707928","Scottie-Marie C.","#10 Outback CHW4262 (WA #CHW4262)","Subaru Outback 2023","3374613","4S4BTACC8P3213469","2026-03-07 10:00 AM","2026-03-08 08:00 PM","707 South Grady Way, Renton, WA 98057","707 South Grady Way, Renton, WA 98057","Completed","72009","72424","415","2","$108.00","$0.00","$0.00","$0.00","$0.00","$0.00","$0.00","$0.00","$0.00","$0.00","$0.00","$0.00","$0.00","$0.00","$58.50","$0.00","$0.00","$0.00","$0.00","$0.00","$0.00","$0.00","$0.00","$0.00","$0.00","$0.00","$0.00","$0.00","$0.00","$0.00","$0.00","$166.50"
"54715678","Jessielee H.","#8 Ascent CMW9721 (WA #CMW9721)","Subaru Ascent 2024","3344650","4S4WMAND8R3441754","2026-06-25 10:00 AM","2026-06-28 02:00 PM","17801 International Boulevard, Seattle, WA 98158","17801 International Boulevard, Seattle, WA 98158","Completed","44436","44560","124","4","$496.80","$0.00","- $24.84","$0.00","$0.00","$0.00","$0.00","$0.00","$0.00","- $49.68","$0.00","$0.00","$27.00","$0.00","$0.00","$0.00","$0.00","$0.00","$0.00","$0.00","$0.00","$0.00","$0.00","$0.00","$0.00","$0.00","$0.00","$0.00","$0.00","$0.00","$0.00","$449.28"
"54792507","Dean B.","#15 Stelvio CW7180 (WA #CW7180)","Alfa Romeo Stelvio 2022","3599626","ZASPAKAN4N7D37133","2026-03-06 03:00 PM","2026-03-09 03:00 PM","707 South Grady Way, Renton, WA 98057","707 South Grady Way, Renton, WA 98057","Completed","42215","42320","105","3","$105.00","$0.00","- $5.25","$0.00","$0.00","$0.00","$0.00","$0.00","$0.00","$0.00","$0.00","$0.00","$0.00","$0.00","$0.00","$0.00","$35.00","$14.00","$35.00","$0.00","$0.00","$0.00","$0.00","$0.00","$0.00","$0.00","$888.77","$44.46","$0.00","$0.00","$0.00","$1,116.98"
"54815728","Johnny A.","#15 Stelvio CW7180 (WA #CW7180)","Alfa Romeo Stelvio 2022","3599626","ZASPAKAN4N7D37133","2026-03-27 04:00 PM","2026-03-31 10:30 AM","707 South Grady Way, Renton, WA 98057","707 South Grady Way, Renton, WA 98057","Guest cancellation","","","","4","$0.00","$0.00","$0.00","$0.00","$0.00","$0.00","$0.00","$0.00","$0.00","$0.00","$0.00","$0.00","$0.00","$0.00","$0.00","$0.00","$0.00","$0.00","$0.00","$0.00","$0.00","$0.00","$0.00","$0.00","$0.00","$0.00","$0.00","$0.00","$0.00","$0.00","$0.00","$0.00"
"54827689","Marquessa S.","#13 CR-V CWF7613 (WA #CWF7613)","Honda CR-V 2025","3567962","2HKRS4H27SH405308","2026-03-08 10:00 AM","2026-03-11 07:00 PM","707 South Grady Way, Renton, WA 98057","707 South Grady Way, Renton, WA 98057","Guest cancellation","","","","4","$0.00","$0.00","$0.00","$0.00","$0.00","$0.00","$0.00","$0.00","$0.00","$0.00","$0.00","$0.00","$0.00","$0.00","$0.00","$0.00","$0.00","$0.00","$0.00","$0.00","$0.00","$0.00","$0.00","$0.00","$0.00","$0.00","$0.00","$0.00","$0.00","$0.00","$0.00","$0.00"
"54850728","Renee K.","#8 Ascent CMW9721 (WA #CMW9721)","Subaru Ascent 2024","3344650","4S4WMAND8R3441754","2026-06-05 02:30 PM","2026-06-11 03:00 PM","17801 International Boulevard, Seattle, WA 98158","17801 International Boulevard, Seattle, WA 98158","Completed","43037","43531","494","7","$663.30","$0.00","$0.00","- $99.50","$0.00","$0.00","$0.00","$0.00","$0.00","- $56.38","$0.00","$0.00","$27.00","$0.00","$0.00","$0.00","$0.00","$0.00","$0.00","$0.00","$0.00","$13.50","$0.00","$0.00","$0.00","$0.00","$0.00","$0.00","$0.00","$0.00","$0.00","$547.92"
"54853242","Bertho D.","#13 CR-V CWF7613 (WA #CWF7613)","Honda CR-V 2025","3567962","2HKRS4H27SH405308","2026-03-07 07:30 AM","2026-03-14 07:30 PM","707 South Grady Way, Renton, WA 98057","707 South Grady Way, Renton, WA 98057","Guest cancellation","","","","8","$0.00","$0.00","$0.00","$0.00","$0.00","$0.00","$0.00","$0.00","$0.00","$0.00","$0.00","$0.00","$0.00","$0.00","$0.00","$0.00","$0.00","$0.00","$0.00","$0.00","$0.00","$0.00","$0.00","$0.00","$0.00","$0.00","$0.00","$0.00","$0.00","$0.00","$0.00","$0.00"
"54868866","Marla S.","#14 Outlander D82070J (WA #D82070J)","Mitsubishi Outlander 2024","3575991","JA4J4VA8XRZ071185","2026-08-02 01:30 PM","2026-08-04 09:30 AM","17801 International Boulevard, Seattle, WA 98158","17801 International Boulevard, Seattle, WA 98158","Guest cancellation","","","","2","$0.00","$0.00","$0.00","$0.00","$0.00","$0.00","$0.00","$0.00","$0.00","$0.00","$0.00","$0.00","$0.00","$0.00","$0.00","$0.00","$0.00","$0.00","$0.00","$0.00","$0.00","$0.00","$0.00","$0.00","$0.00","$0.00","$0.00","$0.00","$0.00","$0.00","$0.00","$0.00"
"54873489","Marquessa S.","#13 CR-V CWF7613 (WA #CWF7613)","Honda CR-V 2025","3567962","2HKRS4H27SH405308","2026-03-09 12:00 PM","2026-03-14 10:00 AM","707 South Grady Way, Renton, WA 98057","707 South Grady Way, Renton, WA 98057","Completed","9977","","","5","$229.50","$0.00","- $11.48","$0.00","$0.00","$0.00","$0.00","$0.00","$0.00","$0.00","$0.00","$0.00","$0.00","$0.00","$0.00","$0.00","$0.00","$0.00","$0.00","$0.00","$0.00","$0.00","$0.00","$0.00","$0.00","$0.00","$0.00","$0.00","$0.00","$0.00","$0.00","$218.02"
"54875260","Thomas A.","#12 Ford Bronco Sport SWA7154 (WA #CWA7154)","Ford Bronco Sport 2025","3549192","3FMCR9BN7SRF76361","2026-06-10 07:30 PM","2026-06-14 04:00 PM","17801 International Boulevard, Seattle, WA 98158","17801 International Boulevard, Seattle, WA 98158","Guest cancellation","","","","4","$0.00","$0.00","$0.00","$0.00","$0.00","$0.00","$0.00","$0.00","$0.00","$0.00","$0.00","$0.00","$0.00","$0.00","$0.00","$0.00","$0.00","$0.00","$0.00","$0.00","$0.00","$0.00","$0.00","$0.00","$0.00","$0.00","$0.00","$0.00","$0.00","$0.00","$0.00","$0.00"
"54909270","Bens J.","#7 CX-30 (WA #CVU0759)","Mazda CX-30 2026","3587146","3MVDMBAL4TM116716","2026-04-03 12:00 PM","2026-04-05 12:00 PM","707 South Grady Way, Renton, WA 98057","707 South Grady Way, Renton, WA 98057","Completed","2892","3214","322","2","$117.00","$0.00","$0.00","$0.00","$0.00","$0.00","$0.00","$0.00","$0.00","- $11.70","$0.00","$0.00","$0.00","$0.00","$0.00","$0.00","$29.25","$0.00","$0.00","$0.00","$0.00","$0.00","$0.00","$0.00","$0.00","$0.00","$0.00","$27.36","$0.00","$0.00","$0.00","$161.91"
"54911968","Joseph K.","#10 Outback CHW4262 (WA #CHW4262)","Subaru Outback 2023","3374613","4S4BTACC8P3213469","2026-05-01 02:00 PM","2026-05-08 06:30 PM","707 South Grady Way, Renton, WA 98057","707 South Grady Way, Renton, WA 98057","Completed","75516","76433","917","8","$418.50","$0.00","$0.00","- $62.78","$0.00","$0.00","$0.00","$0.00","$0.00","- $35.57","$0.00","$0.00","$0.00","$0.00","$27.00","$0.00","$0.00","$0.00","$0.00","$0.00","$0.00","$9.00","$0.00","$0.00","$0.00","$0.00","$0.00","$0.00","$0.00","$0.00","$0.00","$356.15"
"54946809","Pablo T.","#3 CR-V CSJ1646 (WA #CSJ1646)","Honda CR-V 2025","3148718","2HKRS4H21SH443987","2026-03-20 01:30 PM","2026-03-23 03:30 PM","17801 International Boulevard, Seattle, WA 98158","17801 International Boulevard, Seattle, WA 98158","Completed","25142","25364","222","4","$199.80","$0.00","- $9.99","$0.00","$0.00","$0.00","$0.00","$0.00","$0.00","- $19.98","$0.00","$0.00","$27.00","$0.00","$0.00","$0.00","$0.00","$0.00","$0.00","$0.00","$0.00","$8.70","$0.00","$0.00","$0.00","$0.00","$0.00","$0.00","$0.00","$0.00","$0.00","$205.53"
"54949875","Remi S.","#15 Stelvio CW7180 (WA #CW7180)","Alfa Romeo Stelvio 2022","3599626","ZASPAKAN4N7D37133","2026-03-12 10:00 AM","2026-03-13 09:00 PM","707 South Grady Way, Renton, WA 98057","707 South Grady Way, Renton, WA 98057","Completed","42321","42451","130","2","$90.00","$0.00","$0.00","$0.00","$0.00","$0.00","$0.00","$0.00","$0.00","$0.00","$0.00","$0.00","$0.00","$0.00","$0.00","$0.00","$0.00","$0.00","$0.00","$0.00","$0.00","$3.80","$0.00","$0.00","$0.00","$0.00","$0.00","$0.00","$0.00","$0.00","$0.00","$93.80"
"54957408","Michelle G.","#8 Ascent CMW9721 (WA #CMW9721)","Subaru Ascent 2024","3344650","4S4WMAND8R3441754","2026-03-11 12:00 PM","2026-03-15 09:00 AM","17801 International Boulevard, Seattle, WA 98158","17801 International Boulevard, Seattle, WA 98158","Completed","39816","39984","168","4","$200.70","$0.00","- $10.04","$0.00","$0.00","$0.00","$0.00","$0.00","$0.00","$0.00","$0.00","$0.00","$27.00","$0.00","$0.00","$0.00","$0.00","$0.00","$0.00","$0.00","$0.00","$0.00","$0.00","$0.00","$0.00","$0.00","$0.00","$31.96","$0.00","$0.00","$0.00","$249.62"
"54975355","Lisa R.","#14 Outlander D82070J (WA #D82070J)","Mitsubishi Outlander 2024","3575991","JA4J4VA8XRZ071185","2026-07-03 04:30 PM","2026-07-21 07:00 PM","17801 International Boulevard, Seattle, WA 98158","17801 International Boulevard, Seattle, WA 98158","Guest cancellation","","","","19","$0.00","$0.00","$0.00","$0.00","$0.00","$0.00","$0.00","$0.00","$0.00","$0.00","$0.00","$0.00","$0.00","$0.00","$0.00","$0.00","$0.00","$0.00","$0.00","$0.00","$0.00","$0.00","$0.00","$0.00","$0.00","$0.00","$0.00","$0.00","$0.00","$0.00","$0.00","$0.00"
"55002033","Ian K.","#2 Bronco Sport CTD5399 (WA #CTD5399)","Ford Bronco Sport 2025","3144760","3FMCR9BN3SRE66889","2026-03-15 01:00 PM","2026-03-19 10:00 AM","17801 International Boulevard, Seattle, WA 98158","17801 International Boulevard, Seattle, WA 98158","Completed","25296","25400","104","4","$197.10","$0.00","- $9.86","$0.00","$0.00","$0.00","$0.00","$0.00","$0.00","$0.00","$0.00","$0.00","$27.00","$0.00","$0.00","$0.00","$0.00","$0.00","$0.00","$0.00","$0.00","$0.00","$0.00","$0.00","$0.00","$0.00","$0.00","$41.89","$0.00","$0.00","$0.00","$256.13"
"55022999","Corine C.","#2 Bronco Sport CTD5399 (WA #CTD5399)","Ford Bronco Sport 2025","3144760","3FMCR9BN3SRE66889","2026-04-03 10:30 AM","2026-04-07 02:00 PM","17801 International Boulevard, Seattle, WA 98158","17801 International Boulevard, Seattle, WA 98158","Completed","26077","","","5","$279.90","$0.00","- $14.00","$0.00","$0.00","$0.00","$0.00","$0.00","$0.00","- $27.99","$0.00","$0.00","$27.00","$0.00","$0.00","$0.00","$0.00","$0.00","$0.00","$0.00","$0.00","$0.00","$0.00","$0.00","$0.00","$0.00","$0.00","$0.00","$0.00","$0.00","$0.00","$264.91"
"55033356","Laura L.","#15 Stelvio CW7180 (WA #CW7180)","Alfa Romeo Stelvio 2022","3599626","ZASPAKAN4N7D37133","2026-07-10 02:00 PM","2026-07-17 02:00 PM","707 South Grady Way, Renton, WA 98057","707 South Grady Way, Renton, WA 98057","Guest cancellation","","","","7","$0.00","$0.00","$0.00","$0.00","$0.00","$0.00","$0.00","$0.00","$0.00","$0.00","$0.00","$0.00","$0.00","$0.00","$0.00","$0.00","$0.00","$0.00","$0.00","$0.00","$0.00","$0.00","$0.00","$0.00","$0.00","$0.00","$0.00","$0.00","$0.00","$0.00","$0.00","$0.00"
"55038056","Javonna P.","#15 Stelvio CW7180 (WA #CW7180)","Alfa Romeo Stelvio 2022","3599626","ZASPAKAN4N7D37133","2026-03-14 10:00 AM","2026-03-26 07:00 PM","707 South Grady Way, Renton, WA 98057","707 South Grady Way, Renton, WA 98057","Completed","42451","42903","452","13","$643.50","$0.00","- $9.90","- $66.82","$0.00","$0.00","$0.00","$0.00","$0.00","$0.00","$0.00","$0.00","$0.00","$0.00","$0.00","$0.00","$0.00","$0.00","$0.00","$0.00","$0.00","$0.00","$0.00","$0.00","$0.00","$0.00","$0.00","$0.00","$0.00","$0.00","$0.00","$566.78"
"55066467","CHIH-YUAN W.","#14 Outlander D82070J (WA #D82070J)","Mitsubishi Outlander 2024","3575991","JA4J4VA8XRZ071185","2026-06-20 06:30 PM","2026-06-29 06:30 PM","17801 International Boulevard, Seattle, WA 98158","17801 International Boulevard, Seattle, WA 98158","Guest cancellation","","","","9","$0.00","$0.00","$0.00","$0.00","$0.00","$0.00","$0.00","$0.00","$0.00","$0.00","$0.00","$0.00","$0.00","$0.00","$0.00","$0.00","$0.00","$0.00","$0.00","$0.00","$0.00","$0.00","$0.00","$0.00","$0.00","$0.00","$0.00","$0.00","$0.00","$0.00","$0.00","$0.00"
"55095069","Curtis B.","#11 Outback CMV2996 (WA #CMV2996)","Subaru Outback 2024","3092194","4S4BTACC7R3286674","2026-06-10 10:00 AM","2026-06-17 10:00 AM","17801 International Boulevard, Seattle, WA 98158","17801 International Boulevard, Seattle, WA 98158","Completed","38579","37397","0","7","$586.80","$0.00","$0.00","- $88.02","$0.00","$0.00","$0.00","$0.00","$0.00","$0.00","$0.00","$0.00","$27.00","$0.00","$0.00","$0.00","$0.00","$0.00","$0.00","$0.00","$0.00","$0.00","$0.00","$0.00","$0.00","$0.00","$0.00","$0.00","$0.00","$0.00","$0.00","$525.78"
"55101055","Renata M.","#3 CR-V CSJ1646 (WA #CSJ1646)","Honda CR-V 2025","3148718","2HKRS4H21SH443987","2026-03-14 09:00 AM","2026-03-17 05:30 PM","707 South Grady Way, Renton, WA 98057","707 South Grady Way, Renton, WA 98057","Completed","24875","","","4","$206.10","$0.00","- $10.30","$0.00","$0.00","$0.00","$0.00","$0.00","$0.00","$0.00","$0.00","$0.00","$0.00","$0.00","$0.00","$0.00","$0.00","$0.00","$0.00","$0.00","$0.00","$0.00","$0.00","$0.00","$0.00","$0.00","$0.00","$0.00","$0.00","$0.00","$0.00","$195.80"
"55104547","Chambers J.","#12 Ford Bronco Sport SWA7154 (WA #CWA7154)","Ford Bronco Sport 2025","3549192","3FMCR9BN7SRF76361","2026-03-15 01:00 PM","2026-03-18 12:30 PM","17801 International Boulevard, Seattle, WA 98158","17801 International Boulevard, Seattle, WA 98158","Completed","2449","","","3","$161.10","$0.00","- $8.06","$0.00","$0.00","$0.00","$0.00","$0.00","$0.00","$0.00","$0.00","$0.00","$27.00","$0.00","$0.00","$0.00","$0.00","$0.00","$0.00","$0.00","$0.00","$0.00","$0.00","$0.00","$0.00","$0.00","$0.00","$0.00","$0.00","$0.00","$0.00","$180.04"
"55126068","Virginia D.","#3 CR-V CSJ1646 (WA #CSJ1646)","Honda CR-V 2025","3148718","2HKRS4H21SH443987","2026-07-22 12:30 PM","2026-08-08 10:30 AM","17801 International Boulevard, Seattle, WA 98158","17801 International Boulevard, Seattle, WA 98158","Booked","","","","17","$1,800.90","$0.00","$0.00","$0.00","- $270.14","$0.00","$0.00","$0.00","$0.00","$0.00","$0.00","$0.00","$27.00","$0.00","$0.00","$0.00","$0.00","$0.00","$0.00","$0.00","$0.00","$0.00","$0.00","$0.00","$0.00","$0.00","$0.00","$0.00","$0.00","$0.00","$0.00","$1,557.76"
"55132295","Daniel S.","#15 Stelvio CW7180 (WA #CW7180)","Alfa Romeo Stelvio 2022","3599626","ZASPAKAN4N7D37133","2026-06-09 09:30 PM","2026-06-16 10:00 AM","707 South Grady Way, Renton, WA 98057","707 South Grady Way, Renton, WA 98057","Completed","43562","44435","873","7","$497.70","$0.00","$0.00","- $74.66","$0.00","$0.00","$0.00","$0.00","$0.00","- $49.77","$0.00","$0.00","$0.00","$0.00","$0.00","$0.00","$0.00","$0.00","$0.00","$0.00","$0.00","$0.00","$0.00","$0.00","$0.00","$0.00","$0.00","$61.92","$0.00","$0.00","$0.00","$435.19"
"55141298","Kelly G.","#6 CX-50 CTL3409 (WA #CTL3409)","Mazda CX-50 2025","3194251","7MMVABAM2SN362658","2026-05-24 10:30 AM","2026-05-31 10:30 AM","17801 International Boulevard, Seattle, WA 98158","17801 International Boulevard, Seattle, WA 98158","Completed","26264","26830","566","7","$464.40","$0.00","$0.00","- $69.66","$0.00","$0.00","$0.00","$0.00","$0.00","$0.00","$0.00","$0.00","$27.00","$0.00","$0.00","$0.00","$0.00","$0.00","$0.00","$0.00","$0.00","$0.00","$0.00","$0.00","$0.00","$0.00","$0.00","$0.00","$0.00","$0.00","$0.00","$421.74"
"55150559","Rebecca T.","#3 CR-V CSJ1646 (WA #CSJ1646)","Honda CR-V 2025","3148718","2HKRS4H21SH443987","2026-03-24 07:30 PM","2026-03-26 10:30 AM","707 South Grady Way, Renton, WA 98057","707 South Grady Way, Renton, WA 98057","Completed","25429","","","2","$83.70","$0.00","$0.00","$0.00","$0.00","$0.00","$0.00","$0.00","$0.00","- $8.37","$0.00","$0.00","$0.00","$0.00","$27.00","$0.00","$0.00","$0.00","$0.00","$0.00","$0.00","$0.00","$0.00","$0.00","$0.00","$0.00","$0.00","$0.00","$0.00","$0.00","$0.00","$102.33"
"55152100","Raheel D.","#12 Ford Bronco Sport SWA7154 (WA #CWA7154)","Ford Bronco Sport 2025","3549192","3FMCR9BN7SRF76361","2026-08-17 08:30 PM","2026-08-22 10:00 PM","17801 International Boulevard, Seattle, WA 98158","17801 International Boulevard, Seattle, WA 98158","Booked","","","","6","$548.10","$0.00","- $27.40","$0.00","$0.00","$0.00","$0.00","$0.00","$0.00","- $54.81","$0.00","$0.00","$27.00","$0.00","$0.00","$0.00","$0.00","$0.00","$0.00","$0.00","$0.00","$0.00","$0.00","$0.00","$0.00","$0.00","$0.00","$0.00","$0.00","$0.00","$0.00","$492.89"
"55154824","Caleb P.","#10 Outback CHW4262 (WA #CHW4262)","Subaru Outback 2023","3374613","4S4BTACC8P3213469","2026-03-28 07:30 PM","2026-04-05 08:00 AM","17801 International Boulevard, Seattle, WA 98158","17801 International Boulevard, Seattle, WA 98158","Completed","73648","74435","787","8","$395.10","$0.00","$0.00","- $59.26","$0.00","$0.00","$0.00","$0.00","$0.00","- $39.51","$0.00","$0.00","$27.00","$0.00","$45.00","$0.00","$0.00","$0.00","$0.00","$0.00","$0.00","$0.00","$0.00","$0.00","$0.00","$0.00","$0.00","$0.00","$0.00","$0.00","$0.00","$368.33"
"55173184","Chris G.","#13 CR-V CWF7613 (WA #CWF7613)","Honda CR-V 2025","3567962","2HKRS4H27SH405308","2026-03-17 10:00 AM","2026-03-20 01:00 PM","421 University Street, Seattle, WA 98101","421 University Street, Seattle, WA 98101","Completed","10567","10817","250","4","$201.60","$0.00","- $10.08","$0.00","$0.00","$0.00","$0.00","$0.00","$0.00","$0.00","$0.00","$0.00","$108.00","$0.00","$0.00","$0.00","$0.00","$0.00","$0.00","$0.00","$0.00","$0.00","$0.00","$0.00","$0.00","$0.00","$0.00","$0.00","$0.00","$0.00","$0.00","$299.52"
"55174116","David T.","# 9 Outback CGS9019 (WA #CGS9019)","Subaru Outback 2023","3168172","4S4BTACC4P3208642","2026-04-02 01:30 PM","2026-04-11 02:30 PM","17801 International Boulevard, Seattle, WA 98158","17801 International Boulevard, Seattle, WA 98158","Completed","61349","","","10","$512.10","$0.00","$0.00","- $76.82","$0.00","$0.00","$0.00","$0.00","$0.00","- $51.21","$0.00","$0.00","$27.00","$0.00","$27.00","$0.00","$0.00","$0.00","$0.00","$0.00","$0.00","$1.25","$0.00","$0.00","$0.00","$0.00","$0.00","$0.00","$0.00","$0.00","$0.00","$439.32"
"55182623","Evan S.","#10 Outback CHW4262 (WA #CHW4262)","Subaru Outback 2023","3374613","4S4BTACC8P3213469","2026-03-18 10:00 AM","2026-03-21 10:00 AM","1420 Northeast 65th Street, Seattle, WA 98115","1420 Northeast 65th Street, Seattle, WA 98115","Completed","72708","73318","610","3","$143.10","$0.00","- $7.16","$0.00","$0.00","$0.00","$0.00","$0.00","$0.00","$0.00","$0.00","$0.00","$108.00","$0.00","$27.00","$0.00","$0.00","$0.00","$0.00","$0.00","$0.00","$267.55","$0.00","$0.00","$0.00","$0.00","$0.00","$47.33","$0.00","$0.00","$0.00","$585.82"
"55188029","Noah B.","#3 CR-V CSJ1646 (WA #CSJ1646)","Honda CR-V 2025","3148718","2HKRS4H21SH443987","2026-08-29 12:30 PM","2026-09-05 12:30 PM","17801 International Boulevard, Seattle, WA 98158","17801 International Boulevard, Seattle, WA 98158","Booked","","","","7","$449.10","$0.00","$0.00","- $44.91","$0.00","$0.00","$0.00","$0.00","$0.00","- $44.91","$0.00","$0.00","$27.00","$0.00","$0.00","$0.00","$0.00","$0.00","$0.00","$0.00","$0.00","$0.00","$0.00","$0.00","$0.00","$0.00","$0.00","$0.00","$0.00","$0.00","$0.00","$386.28"
"55188365","Bella S.","#5 CX-30 CPR8911 (WA #CPR8911)","Mazda CX-30 2025","3090357","3MVDMBBM1SM805876","2026-03-23 01:30 PM","2026-03-25 06:30 PM","17801 International Boulevard, Seattle, WA 98158","17801 International Boulevard, Seattle, WA 98158","Completed","30270","","","3","$114.30","$0.00","- $5.72","$0.00","$0.00","$0.00","$0.00","$0.00","$0.00","$0.00","$0.00","$0.00","$27.00","$0.00","$0.00","$0.00","$0.00","$0.00","$0.00","$0.00","$0.00","$0.00","$0.00","$0.00","$0.00","$0.00","$0.00","$0.00","$0.00","$0.00","$0.00","$135.58"
"55196743","Hannah H.","# 9 Outback CGS9019 (WA #CGS9019)","Subaru Outback 2023","3168172","4S4BTACC4P3208642","2026-03-24 10:00 AM","2026-03-28 04:00 PM","17801 International Boulevard, Seattle, WA 98158","17801 International Boulevard, Seattle, WA 98158","Completed","60936","61282","346","5","$252.90","$0.00","- $12.64","$0.00","$0.00","$0.00","$0.00","$0.00","$0.00","- $25.29","$0.00","$0.00","$27.00","$0.00","$0.00","$0.00","$0.00","$0.00","$0.00","$0.00","$0.00","$0.00","$0.00","$0.00","$0.00","$0.00","$0.00","$0.00","$0.00","$0.00","$0.00","$241.97"
"55200432","Fawad U.","#2 Bronco Sport CTD5399 (WA #CTD5399)","Ford Bronco Sport 2025","3144760","3FMCR9BN3SRE66889","2026-06-09 02:00 PM","2026-06-16 04:00 PM","17801 International Boulevard, Seattle, WA 98158","17801 International Boulevard, Seattle, WA 98158","Guest cancellation","","","","8","$0.00","$0.00","$0.00","$0.00","$0.00","$0.00","$0.00","$0.00","$0.00","$0.00","$0.00","$0.00","$0.00","$0.00","$0.00","$0.00","$0.00","$0.00","$0.00","$0.00","$0.00","$0.00","$0.00","$0.00","$0.00","$0.00","$0.00","$0.00","$0.00","$0.00","$0.00","$0.00"
"55209776","Aron C.","#10 Outback CHW4262 (WA #CHW4262)","Subaru Outback 2023","3374613","4S4BTACC8P3213469","2026-03-22 10:00 AM","2026-03-25 11:30 AM","17801 International Boulevard, Seattle, WA 98158","17801 International Boulevard, Seattle, WA 98158","Guest cancellation","","","","4","$0.00","$0.00","$0.00","$0.00","$0.00","$0.00","$0.00","$0.00","$0.00","$0.00","$0.00","$0.00","$0.00","$0.00","$0.00","$0.00","$0.00","$0.00","$0.00","$0.00","$0.00","$0.00","$0.00","$0.00","$0.00","$0.00","$0.00","$0.00","$0.00","$0.00","$0.00","$0.00"
"55212789","Samuel R.","#8 Ascent CMW9721 (WA #CMW9721)","Subaru Ascent 2024","3344650","4S4WMAND8R3441754","2026-05-29 10:00 AM","2026-05-31 08:30 AM","707 South Grady Way, Renton, WA 98057","707 South Grady Way, Renton, WA 98057","Completed","42717","","","2","$159.30","$0.00","$0.00","$0.00","$0.00","$0.00","$0.00","$0.00","$0.00","$0.00","$0.00","$0.00","$0.00","$0.00","$0.00","$0.00","$0.00","$0.00","$0.00","$0.00","$0.00","$0.00","$0.00","$0.00","$0.00","$0.00","$0.00","$0.00","$0.00","$0.00","$0.00","$159.30"
"55220974","LAURIE ANN B.","#14 Outlander D82070J (WA #D82070J)","Mitsubishi Outlander 2024","3575991","JA4J4VA8XRZ071185","2026-09-17 10:30 AM","2026-09-20 01:00 PM","17801 International Boulevard, Seattle, WA 98158","17801 International Boulevard, Seattle, WA 98158","Booked","","","","4","$282.60","$0.00","- $14.13","$0.00","$0.00","$0.00","$0.00","$0.00","$0.00","- $26.85","$0.00","$0.00","$27.00","$0.00","$0.00","$0.00","$0.00","$0.00","$0.00","$0.00","$0.00","$0.00","$0.00","$0.00","$0.00","$0.00","$0.00","$0.00","$0.00","$0.00","$0.00","$268.62"
"55221390","Alexandra D.","#14 Outlander D82070J (WA #D82070J)","Mitsubishi Outlander 2024","3575991","JA4J4VA8XRZ071185","2026-07-01 11:00 AM","2026-07-07 07:00 PM","17801 International Boulevard, Seattle, WA 98158","17801 International Boulevard, Seattle, WA 98158","In-progress","66354","","","7","$745.20","$0.00","$0.00","- $111.78","$0.00","$0.00","$0.00","$0.00","$0.00","- $74.52","$0.00","$0.00","$27.00","$0.00","$0.00","$0.00","$0.00","$0.00","$0.00","$0.00","$0.00","$0.00","$0.00","$0.00","$0.00","$0.00","$0.00","$0.00","$0.00","$0.00","$0.00","$585.90"
"55224241","Erik H.","#14 Outlander D82070J (WA #D82070J)","Mitsubishi Outlander 2024","3575991","JA4J4VA8XRZ071185","2026-04-30 07:30 PM","2026-05-11 12:00 PM","17801 International Boulevard, Seattle, WA 98158","17801 International Boulevard, Seattle, WA 98158","Completed","61774","62529","755","11","$576.00","$0.00","$0.00","- $78.44","$0.00","$0.00","$0.00","$0.00","$0.00","$0.00","$0.00","$0.00","$27.00","$0.00","$0.00","$0.00","$0.00","$0.00","$0.00","$0.00","$0.00","$1.80","$0.00","$0.00","$0.00","$0.00","$0.00","$0.00","$0.00","$0.00","$0.00","$526.36"
"55246288","Bryant M.","#12 Ford Bronco Sport SWA7154 (WA #CWA7154)","Ford Bronco Sport 2025","3549192","3FMCR9BN7SRF76361","2026-05-25 08:00 AM","2026-05-25 06:00 PM","17801 International Boulevard, Seattle, WA 98158","17801 International Boulevard, Seattle, WA 98158","Completed","9117","9161","44","1","$67.50","$0.00","$0.00","$0.00","$0.00","$0.00","$0.00","$0.00","$0.00","$0.00","$0.00","$0.00","$27.00","$0.00","$0.00","$0.00","$0.00","$0.00","$0.00","$0.00","$0.00","$0.00","$0.00","$0.00","$0.00","$0.00","$0.00","$0.00","$0.00","$0.00","$0.00","$94.50"
"55271537","Madhura C.","#3 CR-V CSJ1646 (WA #CSJ1646)","Honda CR-V 2025","3148718","2HKRS4H21SH443987","2026-05-07 05:00 PM","2026-05-09 05:00 PM","328 243rd Avenue Southeast, Sammamish, WA 98074","328 243rd Avenue Southeast, Sammamish, WA 98074","Guest cancellation","","","","2","$0.00","$0.00","$0.00","$0.00","$0.00","$0.00","$0.00","$0.00","$0.00","$0.00","$0.00","$0.00","$0.00","$0.00","$0.00","$0.00","$0.00","$0.00","$0.00","$0.00","$0.00","$0.00","$0.00","$0.00","$0.00","$0.00","$0.00","$0.00","$0.00","$0.00","$0.00","$0.00"
"55298343","Philip F.","# 9 Outback CGS9019 (WA #CGS9019)","Subaru Outback 2023","3168172","4S4BTACC4P3208642","2026-03-20 11:30 AM","2026-03-23 04:00 PM","17801 International Boulevard, Seattle, WA 98158","17801 International Boulevard, Seattle, WA 98158","Completed","31025","60935","29910","4","$207.90","$0.00","- $10.40","$0.00","$0.00","$0.00","$0.00","$0.00","$0.00","$0.00","$0.00","$0.00","$27.00","$0.00","$0.00","$0.00","$0.00","$0.00","$0.00","$0.00","$0.00","$0.00","$0.00","$0.00","$0.00","$0.00","$0.00","$0.00","$0.00","$0.00","$0.00","$224.50"
"55301256","Richard V.","#2 Bronco Sport CTD5399 (WA #CTD5399)","Ford Bronco Sport 2025","3144760","3FMCR9BN3SRE66889","2026-07-10 12:00 PM","2026-07-16 08:00 PM","17801 International Boulevard, Seattle, WA 98158","17801 International Boulevard, Seattle, WA 98158","Booked","","","","7","$777.60","$0.00","$0.00","- $116.64","$0.00","$0.00","$0.00","$0.00","$0.00","- $77.76","$0.00","$0.00","$27.00","$0.00","$0.00","$0.00","$0.00","$0.00","$0.00","$0.00","$0.00","$0.00","$0.00","$0.00","$0.00","$0.00","$0.00","$0.00","$0.00","$0.00","$0.00","$610.20"
"55310187","Christopher S.","# 9 Outback CGS9019 (WA #CGS9019)","Subaru Outback 2023","3168172","4S4BTACC4P3208642","2026-08-12 05:00 PM","2026-08-22 11:00 AM","17801 International Boulevard, Seattle, WA 98158","17801 International Boulevard, Seattle, WA 98158","Booked","","","","10","$838.80","$0.00","$0.00","- $112.32","$0.00","$0.00","$0.00","$0.00","$0.00","$0.00","$0.00","$0.00","$27.00","$0.00","$0.00","$0.00","$0.00","$0.00","$0.00","$0.00","$0.00","$0.00","$0.00","$0.00","$0.00","$0.00","$0.00","$0.00","$0.00","$0.00","$0.00","$753.48"
"55316489","Terra G.","#14 Outlander D82070J (WA #D82070J)","Mitsubishi Outlander 2024","3575991","JA4J4VA8XRZ071185","2026-03-23 07:30 AM","2026-03-29 01:30 PM","707 South Grady Way, Renton, WA 98057","707 South Grady Way, Renton, WA 98057","Guest cancellation","","","","7","$0.00","$0.00","$0.00","$0.00","$0.00","$0.00","$0.00","$0.00","$0.00","$0.00","$0.00","$0.00","$0.00","$0.00","$0.00","$0.00","$0.00","$0.00","$0.00","$0.00","$0.00","$0.00","$0.00","$0.00","$0.00","$0.00","$0.00","$0.00","$0.00","$0.00","$0.00","$0.00"
"55325286","Aron C.","#10 Outback CHW4262 (WA #CHW4262)","Subaru Outback 2023","3374613","4S4BTACC8P3213469","2026-03-22 10:00 AM","2026-03-25 11:00 AM","17801 International Boulevard, Seattle, WA 98158","17801 International Boulevard, Seattle, WA 98158","Completed","73384","73579","195","4","$196.20","$0.00","- $9.81","$0.00","$0.00","$0.00","$0.00","$0.00","$0.00","$0.00","$0.00","$0.00","$27.00","$0.00","$27.00","$0.00","$0.00","$0.00","$0.00","$0.00","$0.00","$8.00","$0.00","$0.00","$0.00","$0.00","$0.00","$0.00","$0.00","$0.00","$0.00","$248.39"
"55340472","Soika K.","#11 Outback CMV2996 (WA #CMV2996)","Subaru Outback 2024","3092194","4S4BTACC7R3286674","2026-03-21 10:00 AM","2026-03-23 02:00 PM","707 South Grady Way, Renton, WA 98057","707 South Grady Way, Renton, WA 98057","Completed","32386","32839","453","3","$160.20","$0.00","- $8.01","$0.00","$0.00","$0.00","$0.00","$0.00","$0.00","$0.00","$0.00","$0.00","$0.00","$0.00","$0.00","$0.00","$0.00","$0.00","$0.00","$0.00","$0.00","$0.00","$0.00","$0.00","$0.00","$0.00","$0.00","$0.00","$0.00","$0.00","$0.00","$152.19"
"55351436","Megan W.","#5 CX-30 CPR8911 (WA #CPR8911)","Mazda CX-30 2025","3090357","3MVDMBBM1SM805876","2026-07-21 12:00 PM","2026-07-28 12:00 PM","17801 International Boulevard, Seattle, WA 98158","17801 International Boulevard, Seattle, WA 98158","Booked","","","","7","$676.80","$0.00","$0.00","- $101.52","$0.00","$0.00","$0.00","$0.00","$0.00","$0.00","$0.00","$0.00","$27.00","$0.00","$0.00","$0.00","$0.00","$0.00","$0.00","$0.00","$0.00","$0.00","$0.00","$0.00","$0.00","$0.00","$0.00","$0.00","$0.00","$0.00","$0.00","$602.28"
"55360693","Christine E.","#2 Bronco Sport CTD5399 (WA #CTD5399)","Ford Bronco Sport 2025","3144760","3FMCR9BN3SRE66889","2026-08-26 10:00 AM","2026-08-31 07:00 PM","17801 International Boulevard, Seattle, WA 98158","17801 International Boulevard, Seattle, WA 98158","Guest cancellation","","","","6","$0.00","$0.00","$0.00","$0.00","$0.00","$0.00","$0.00","$0.00","$0.00","$0.00","$0.00","$0.00","$0.00","$0.00","$0.00","$0.00","$0.00","$0.00","$0.00","$0.00","$0.00","$0.00","$0.00","$0.00","$0.00","$0.00","$0.00","$0.00","$0.00","$0.00","$0.00","$0.00"
"55389678","Jennifer T.","#3 CR-V CSJ1646 (WA #CSJ1646)","Honda CR-V 2025","3148718","2HKRS4H21SH443987","2026-06-25 09:00 PM","2026-06-29 07:00 PM","17801 International Boulevard, Seattle, WA 98158","17801 International Boulevard, Seattle, WA 98158","Completed","30158","30417","259","4","$359.10","$0.00","- $17.96","$0.00","$0.00","$0.00","$0.00","$0.00","$0.00","- $35.91","$0.00","$0.00","$27.00","$0.00","$0.00","$0.00","$0.00","$0.00","$0.00","$0.00","$0.00","$0.00","$0.00","$0.00","$0.00","$0.00","$0.00","$0.00","$0.00","$0.00","$0.00","$332.23"
"55399825","Kelly B.","#14 Outlander D82070J (WA #D82070J)","Mitsubishi Outlander 2024","3575991","JA4J4VA8XRZ071185","2026-07-09 05:30 PM","2026-07-21 09:30 AM","17801 International Boulevard, Seattle, WA 98158","17801 International Boulevard, Seattle, WA 98158","Guest cancellation","","","","12","$1,186.20","$0.00","$0.00","- $177.93","$0.00","$0.00","$0.00","$0.00","$0.00","- $118.62","$0.00","$0.00","$27.00","$0.00","$0.00","$0.00","$0.00","$0.00","$0.00","$0.00","$0.00","$0.00","$0.00","$0.00","$0.00","$0.00","$0.00","$0.00","$0.00","$0.00","$0.00","$916.65"
"55404887","Jason P.","#7 CX-30 (WA #CVU0759)","Mazda CX-30 2026","3587146","3MVDMBAL4TM116716","2026-03-25 12:00 PM","2026-04-03 10:00 AM","3818 36th Avenue West, Seattle, WA 98199","3818 36th Avenue West, Seattle, WA 98199","Guest cancellation","","","","9","$0.00","$0.00","$0.00","$0.00","$0.00","$0.00","$0.00","$0.00","$0.00","$0.00","$0.00","$0.00","$0.00","$0.00","$0.00","$0.00","$0.00","$0.00","$0.00","$0.00","$0.00","$0.00","$0.00","$0.00","$0.00","$0.00","$0.00","$0.00","$0.00","$0.00","$0.00","$0.00"
"55406818","HAYDEN B.","#5 CX-30 CPR8911 (WA #CPR8911)","Mazda CX-30 2025","3090357","3MVDMBBM1SM805876","2026-03-30 11:00 AM","2026-04-08 03:30 PM","17801 International Boulevard, Seattle, WA 98158","17801 International Boulevard, Seattle, WA 98158","Completed","30726","31562","836","10","$423.00","$0.00","$0.00","- $63.45","$0.00","$0.00","$0.00","$0.00","$0.00","- $42.30","$0.00","$0.00","$27.00","$0.00","$0.00","$0.00","$0.00","$0.00","$0.00","$0.00","$0.00","$0.00","$0.00","$0.00","$0.00","$0.00","$0.00","$0.00","$0.00","$0.00","$0.00","$344.25"
"55417806","Tyler B.","#8 Ascent CMW9721 (WA #CMW9721)","Subaru Ascent 2024","3344650","4S4WMAND8R3441754","2026-06-29 10:00 AM","2026-07-07 01:00 PM","17801 International Boulevard, Seattle, WA 98158","17801 International Boulevard, Seattle, WA 98158","In-progress","44560","","","9","$1,116.90","$0.00","$0.00","- $167.54","$0.00","$0.00","$0.00","$0.00","$0.00","$0.00","$0.00","$0.00","$27.00","$0.00","$0.00","$0.00","$0.00","$0.00","$0.00","$0.00","$0.00","$0.00","$0.00","$0.00","$0.00","$0.00","$0.00","$0.00","$0.00","$0.00","$0.00","$976.36"
"55436905","Hannah M.","#8 Ascent CMW9721 (WA #CMW9721)","Subaru Ascent 2024","3344650","4S4WMAND8R3441754","2026-07-22 09:00 AM","2026-07-30 09:00 AM","17801 International Boulevard, Seattle, WA 98158","17801 International Boulevard, Seattle, WA 98158","Booked","","","","8","$989.10","$0.00","$0.00","- $148.36","$0.00","$0.00","$0.00","$0.00","$0.00","$0.00","$0.00","$0.00","$27.00","$0.00","$0.00","$0.00","$0.00","$0.00","$0.00","$0.00","$0.00","$0.00","$0.00","$0.00","$0.00","$0.00","$0.00","$0.00","$0.00","$0.00","$0.00","$867.74"
"55441531","Kristi W.","#2 Bronco Sport CTD5399 (WA #CTD5399)","Ford Bronco Sport 2025","3144760","3FMCR9BN3SRE66889","2026-06-01 09:30 AM","2026-06-08 01:00 PM","17801 International Boulevard, Seattle, WA 98158","17801 International Boulevard, Seattle, WA 98158","Completed","30705","","","8","$662.40","$0.00","$0.00","- $99.36","$0.00","$0.00","$0.00","$0.00","$0.00","- $66.24","$0.00","$0.00","$27.00","$0.00","$0.00","$0.00","$0.00","$0.00","$0.00","$0.00","$0.00","$0.00","$0.00","$0.00","$0.00","$0.00","$0.00","$0.00","$0.00","$0.00","$0.00","$523.80"
"55451127","Dirk D.","#3 CR-V CSJ1646 (WA #CSJ1646)","Honda CR-V 2025","3148718","2HKRS4H21SH443987","2026-04-17 09:00 AM","2026-04-23 07:30 AM","17801 International Boulevard, Seattle, WA 98158","17801 International Boulevard, Seattle, WA 98158","Guest cancellation","","","","6","$0.00","$0.00","$0.00","$0.00","$0.00","$0.00","$0.00","$0.00","$0.00","$0.00","$0.00","$0.00","$0.00","$0.00","$0.00","$0.00","$0.00","$0.00","$0.00","$0.00","$0.00","$0.00","$0.00","$0.00","$0.00","$0.00","$0.00","$0.00","$0.00","$0.00","$0.00","$0.00"
"55452936","Taylor M.","#1 Bronco Sport CSD5744 (WA #CSD5744)","Ford Bronco Sport 2024","3090505","3FMCR9B67RRF51219","2026-06-19 12:30 PM","2026-06-22 03:00 PM","17801 International Boulevard, Seattle, WA 98158","17801 International Boulevard, Seattle, WA 98158","Completed","33126","","","4","$509.40","$0.00","- $25.47","$0.00","$0.00","$0.00","$0.00","$0.00","$0.00","- $50.94","$0.00","$0.00","$27.00","$0.00","$27.00","$0.00","$0.00","$0.00","$0.00","$0.00","$0.00","$4.50","$0.00","$0.00","$0.00","$0.00","$0.00","$0.00","$0.00","$0.00","$0.00","$491.49"
"55463519","Dawn A.","#1 Bronco Sport CSD5744 (WA #CSD5744)","Ford Bronco Sport 2024","3090505","3FMCR9B67RRF51219","2026-04-23 11:00 AM","2026-04-26 09:00 PM","17801 International Boulevard, Seattle, WA 98158","17801 International Boulevard, Seattle, WA 98158","Completed","29312","29593","281","4","$237.60","$0.00","- $11.88","$0.00","$0.00","$0.00","$0.00","$0.00","$0.00","$0.00","$0.00","$0.00","$27.00","$0.00","$0.00","$0.00","$0.00","$0.00","$0.00","$0.00","$0.00","$0.00","$0.00","$0.00","$0.00","$0.00","$0.00","$0.00","$0.00","$0.00","$0.00","$252.72"
"55463744","Simone D.","#14 Outlander D82070J (WA #D82070J)","Mitsubishi Outlander 2024","3575991","JA4J4VA8XRZ071185","2026-07-29 01:30 PM","2026-08-26 12:00 PM","17801 International Boulevard, Seattle, WA 98158","17801 International Boulevard, Seattle, WA 98158","Booked","","","","28","$2,540.70","$0.00","$0.00","$0.00","$0.00","- $635.18","$0.00","$0.00","$0.00","- $254.07","$0.00","$0.00","$27.00","$0.00","$0.00","$0.00","$0.00","$0.00","$0.00","$0.00","$0.00","$0.00","$0.00","$0.00","$0.00","$0.00","$0.00","$0.00","$0.00","$0.00","$0.00","$1,678.45"
"55465822","Maryanne P.","#7 CX-30 (WA #CVU0759)","Mazda CX-30 2026","3587146","3MVDMBAL4TM116716","2026-03-25 02:00 PM","2026-03-29 02:00 PM","17801 International Boulevard, Seattle, WA 98158","17801 International Boulevard, Seattle, WA 98158","Completed","2353","2810","457","4","$192.60","$0.00","- $9.63","$0.00","$0.00","$0.00","$0.00","$0.00","$0.00","$0.00","$0.00","$0.00","$27.00","$0.00","$0.00","$0.00","$0.00","$0.00","$0.00","$0.00","$0.00","$4.90","$0.00","$0.00","$0.00","$0.00","$0.00","$27.46","$0.00","$0.00","$0.00","$242.33"
"55467020","Or R.","#15 Stelvio CW7180 (WA #CW7180)","Alfa Romeo Stelvio 2022","3599626","ZASPAKAN4N7D37133","2026-04-05 04:00 PM","2026-04-12 04:00 PM","707 South Grady Way, Renton, WA 98057","707 South Grady Way, Renton, WA 98057","Guest cancellation","","","","7","$0.00","$0.00","$0.00","$0.00","$0.00","$0.00","$0.00","$0.00","$0.00","$0.00","$0.00","$0.00","$0.00","$0.00","$0.00","$0.00","$0.00","$0.00","$0.00","$0.00","$0.00","$0.00","$0.00","$0.00","$0.00","$0.00","$0.00","$0.00","$0.00","$0.00","$0.00","$0.00"
"55471406","Elisabeth V.","#8 Ascent CMW9721 (WA #CMW9721)","Subaru Ascent 2024","3344650","4S4WMAND8R3441754","2026-03-25 09:00 PM","2026-03-29 01:30 PM","17801 International Boulevard, Seattle, WA 98158","17801 International Boulevard, Seattle, WA 98158","Completed","40248","40401","153","4","$230.40","$0.00","- $11.52","$0.00","$0.00","$0.00","$0.00","$0.00","$0.00","$0.00","$0.00","$0.00","$27.00","$0.00","$40.50","$0.00","$0.00","$0.00","$0.00","$0.00","$0.00","$23.60","$0.00","$0.00","$0.00","$0.00","$0.00","$0.00","$0.00","$0.00","$0.00","$309.98"
"55480012","William G.","#3 CR-V CSJ1646 (WA #CSJ1646)","Honda CR-V 2025","3148718","2HKRS4H21SH443987","2026-03-30 10:00 PM","2026-04-01 08:00 PM","17801 International Boulevard, Seattle, WA 98158","17801 International Boulevard, Seattle, WA 98158","Guest cancellation","","","","2","$0.00","$0.00","$0.00","$0.00","$0.00","$0.00","$0.00","$0.00","$0.00","$0.00","$0.00","$0.00","$0.00","$0.00","$0.00","$0.00","$0.00","$0.00","$0.00","$0.00","$0.00","$0.00","$0.00","$0.00","$0.00","$0.00","$0.00","$0.00","$0.00","$0.00","$0.00","$0.00"
"55497182","Dakota D.","#7 CX-30 (WA #CVU0759)","Mazda CX-30 2026","3587146","3MVDMBAL4TM116716","2026-07-03 10:30 AM","2026-07-10 08:00 AM","17801 International Boulevard, Seattle, WA 98158","17801 International Boulevard, Seattle, WA 98158","In-progress","10732","","","7","$684.00","$0.00","$0.00","- $102.60","$0.00","$0.00","$0.00","$0.00","$0.00","- $68.40","$0.00","$0.00","$27.00","$0.00","$0.00","$0.00","$0.00","$0.00","$0.00","$0.00","$0.00","$0.00","$0.00","$0.00","$0.00","$0.00","$0.00","$0.00","$0.00","$0.00","$0.00","$540.00"
"55500400","Annasia E.","#14 Outlander D82070J (WA #D82070J)","Mitsubishi Outlander 2024","3575991","JA4J4VA8XRZ071185","2026-03-27 10:30 AM","2026-03-29 10:30 AM","707 South Grady Way, Renton, WA 98057","707 South Grady Way, Renton, WA 98057","Completed","59546","59970","424","2","$116.10","$0.00","$0.00","$0.00","$0.00","$0.00","$0.00","$0.00","$0.00","$0.00","$0.00","$0.00","$0.00","$0.00","$0.00","$0.00","$0.00","$0.00","$0.00","$0.00","$0.00","$0.00","$0.00","$0.00","$0.00","$0.00","$0.00","$0.00","$0.00","$0.00","$0.00","$116.10"
"55510426","Dale W.","#6 CX-50 CTL3409 (WA #CTL3409)","Mazda CX-50 2025","3194251","7MMVABAM2SN362658","2026-03-26 06:00 PM","2026-03-28 06:00 PM","17801 International Boulevard, Seattle, WA 98158","17801 International Boulevard, Seattle, WA 98158","Guest cancellation","","","","2","$0.00","$0.00","$0.00","$0.00","$0.00","$0.00","$0.00","$0.00","$0.00","$0.00","$0.00","$0.00","$0.00","$0.00","$0.00","$0.00","$0.00","$0.00","$0.00","$0.00","$0.00","$0.00","$0.00","$0.00","$0.00","$0.00","$0.00","$0.00","$0.00","$0.00","$0.00","$0.00"
"55540257","Aharon N.","#15 Stelvio CW7180 (WA #CW7180)","Alfa Romeo Stelvio 2022","3599626","ZASPAKAN4N7D37133","2026-05-09 10:00 AM","2026-05-16 07:30 AM","12424 169th Avenue Southeast, Renton, WA 98059","12424 169th Avenue Southeast, Renton, WA 98059","Guest cancellation","","","","7","$0.00","$0.00","$0.00","$0.00","$0.00","$0.00","$0.00","$0.00","$0.00","$0.00","$0.00","$0.00","$0.00","$0.00","$0.00","$0.00","$0.00","$0.00","$0.00","$0.00","$0.00","$0.00","$0.00","$0.00","$0.00","$0.00","$0.00","$0.00","$0.00","$0.00","$0.00","$0.00"
"55545507","Amanda M.","#11 Outback CMV2996 (WA #CMV2996)","Subaru Outback 2024","3092194","4S4BTACC7R3286674","2026-03-27 09:30 AM","2026-03-30 08:00 AM","17801 International Boulevard, Seattle, WA 98158","17801 International Boulevard, Seattle, WA 98158","Guest cancellation","","","","3","$0.00","$0.00","$0.00","$0.00","$0.00","$0.00","$0.00","$0.00","$0.00","$0.00","$0.00","$0.00","$0.00","$0.00","$0.00","$0.00","$0.00","$0.00","$0.00","$0.00","$0.00","$0.00","$0.00","$0.00","$0.00","$0.00","$0.00","$0.00","$0.00","$0.00","$0.00","$0.00"
"55563155","Christopher L.","#6 CX-50 CTL3409 (WA #CTL3409)","Mazda CX-50 2025","3194251","7MMVABAM2SN362658","2026-03-28 09:30 AM","2026-03-30 10:00 AM","17801 International Boulevard, Seattle, WA 98158","17801 International Boulevard, Seattle, WA 98158","Completed","22889","23089","200","3","$157.50","$0.00","- $7.88","$0.00","$0.00","$0.00","$0.00","$0.00","$0.00","$0.00","$0.00","$0.00","$27.00","$0.00","$0.00","$0.00","$0.00","$0.00","$0.00","$0.00","$0.00","$0.00","$0.00","$0.00","$0.00","$0.00","$0.00","$69.95","$0.00","$0.00","$0.00","$246.57"
"55564939","Anthony P.","#12 Ford Bronco Sport SWA7154 (WA #CWA7154)","Ford Bronco Sport 2025","3549192","3FMCR9BN7SRF76361","2026-03-30 12:00 PM","2026-04-08 12:00 PM","707 South Grady Way, Renton, WA 98057","707 South Grady Way, Renton, WA 98057","Completed","3881","4683","802","9","$477.00","$0.00","- $12.38","$0.00","$0.00","$0.00","$0.00","$0.00","$0.00","$0.00","$0.00","$0.00","$0.00","$0.00","$0.00","$0.00","$0.00","$0.00","$0.00","$0.00","$0.00","$0.00","$0.00","$0.00","$0.00","$0.00","$0.00","$0.00","$0.00","$0.00","$0.00","$464.62"
"55601714","Andrew P.","#2 Bronco Sport CTD5399 (WA #CTD5399)","Ford Bronco Sport 2025","3144760","3FMCR9BN3SRE66889","2026-08-29 10:30 AM","2026-09-05 01:30 PM","17801 International Boulevard, Seattle, WA 98158","17801 International Boulevard, Seattle, WA 98158","Booked","","","","8","$629.10","$0.00","$0.00","- $94.36","$0.00","$0.00","$0.00","$0.00","$0.00","- $62.91","$0.00","$0.00","$27.00","$0.00","$0.00","$0.00","$0.00","$0.00","$0.00","$0.00","$0.00","$0.00","$0.00","$0.00","$0.00","$0.00","$0.00","$0.00","$0.00","$0.00","$0.00","$498.83"
"55610650","Dale L.","#1 Bronco Sport CSD5744 (WA #CSD5744)","Ford Bronco Sport 2024","3090505","3FMCR9B67RRF51219","2026-08-26 09:30 AM","2026-09-03 03:00 PM","17801 International Boulevard, Seattle, WA 98158","17801 International Boulevard, Seattle, WA 98158","Booked","","","","9","$695.70","$0.00","$0.00","- $104.36","$0.00","$0.00","$0.00","$0.00","$0.00","$0.00","$0.00","$0.00","$27.00","$0.00","$0.00","$0.00","$0.00","$0.00","$0.00","$0.00","$0.00","$0.00","$0.00","$0.00","$0.00","$0.00","$0.00","$0.00","$0.00","$0.00","$0.00","$618.34"
"55624159","John M.","#7 CX-30 (WA #CVU0759)","Mazda CX-30 2026","3587146","3MVDMBAL4TM116716","2026-07-30 10:00 AM","2026-08-09 10:00 AM","17801 International Boulevard, Seattle, WA 98158","17801 International Boulevard, Seattle, WA 98158","Guest cancellation","","","","10","$0.00","$0.00","$0.00","$0.00","$0.00","$0.00","$0.00","$0.00","$0.00","$0.00","$0.00","$0.00","$0.00","$0.00","$0.00","$0.00","$0.00","$0.00","$0.00","$0.00","$0.00","$0.00","$0.00","$0.00","$0.00","$0.00","$0.00","$0.00","$0.00","$0.00","$0.00","$0.00"
"55632147","Lena T.","#13 CR-V CWF7613 (WA #CWF7613)","Honda CR-V 2025","3567962","2HKRS4H27SH405308","2026-06-17 04:00 PM","2026-06-21 12:30 PM","17801 International Boulevard, Seattle, WA 98158","17801 International Boulevard, Seattle, WA 98158","Completed","16280","16551","271","4","$356.40","$0.00","- $17.82","$0.00","$0.00","$0.00","$0.00","$0.00","$0.00","$0.00","$0.00","$0.00","$27.00","$0.00","$0.00","$0.00","$0.00","$0.00","$0.00","$0.00","$0.00","$0.00","$0.00","$0.00","$0.00","$0.00","$0.00","$0.00","$0.00","$0.00","$0.00","$365.58"
"55634872","Brittany G.","#1 Bronco Sport CSD5744 (WA #CSD5744)","Ford Bronco Sport 2024","3090505","3FMCR9B67RRF51219","2026-04-10 08:30 PM","2026-04-13 05:00 PM","17801 International Boulevard, Seattle, WA 98158","17801 International Boulevard, Seattle, WA 98158","Completed","28633","28713","80","3","$180.90","$0.00","- $9.04","$0.00","$0.00","$0.00","$0.00","$0.00","$0.00","- $18.09","$0.00","$0.00","$27.00","$0.00","$0.00","$0.00","$0.00","$0.00","$0.00","$0.00","$0.00","$0.00","$0.00","$0.00","$0.00","$0.00","$0.00","$35.10","$0.00","$0.00","$0.00","$215.87"
"55638975","Hannah R.","#12 Ford Bronco Sport SWA7154 (WA #CWA7154)","Ford Bronco Sport 2025","3549192","3FMCR9BN7SRF76361","2026-07-11 07:30 PM","2026-07-18 10:30 PM","17801 International Boulevard, Seattle, WA 98158","17801 International Boulevard, Seattle, WA 98158","Booked","","","","8","$894.60","$0.00","$0.00","- $178.92","$0.00","$0.00","$0.00","$0.00","$0.00","- $89.46","$0.00","$0.00","$27.00","$0.00","$0.00","$0.00","$0.00","$0.00","$0.00","$0.00","$0.00","$0.00","$0.00","$0.00","$0.00","$0.00","$0.00","$0.00","$0.00","$0.00","$0.00","$653.22"
"55650779","Kshama Sharath K.","#4 CX-30 CPR8256 (WA #CPR8256)","Mazda CX-30 2025","3089013","3MVDMBBM1SM798816","2026-07-14 03:30 PM","2026-07-17 06:00 PM","17801 International Boulevard, Seattle, WA 98158","17801 International Boulevard, Seattle, WA 98158","Booked","","","","4","$357.30","$0.00","- $17.86","$0.00","$0.00","$0.00","$0.00","$0.00","$0.00","$0.00","$0.00","$0.00","$27.00","$0.00","$0.00","$0.00","$0.00","$0.00","$0.00","$0.00","$0.00","$0.00","$0.00","$0.00","$0.00","$0.00","$0.00","$0.00","$0.00","$0.00","$0.00","$366.44"
"55695602","Shana B.","# 9 Outback CGS9019 (WA #CGS9019)","Subaru Outback 2023","3168172","4S4BTACC4P3208642","2026-06-12 11:00 AM","2026-06-25 04:00 PM","17801 International Boulevard, Seattle, WA 98158","17801 International Boulevard, Seattle, WA 98158","Guest cancellation","","","","14","$0.00","$0.00","$0.00","$0.00","$0.00","$0.00","$0.00","$0.00","$0.00","$0.00","$0.00","$0.00","$0.00","$0.00","$0.00","$0.00","$0.00","$0.00","$0.00","$0.00","$0.00","$0.00","$0.00","$0.00","$0.00","$0.00","$0.00","$0.00","$0.00","$0.00","$0.00","$0.00"
"55718838","James L.","#8 Ascent CMW9721 (WA #CMW9721)","Subaru Ascent 2024","3344650","4S4WMAND8R3441754","2026-04-22 12:30 PM","2026-05-04 09:00 AM","17801 International Boulevard, Seattle, WA 98158","17801 International Boulevard, Seattle, WA 98158","Completed","41670","42200","530","12","$804.60","$0.00","$0.00","- $120.69","$0.00","$0.00","$0.00","$0.00","$0.00","$0.00","$0.00","$0.00","$27.00","$0.00","$0.00","$0.00","$0.00","$0.00","$0.00","$0.00","$0.00","$20.65","$0.00","$0.00","$0.00","$0.00","$0.00","$0.00","$0.00","$0.00","$0.00","$731.56"
"55721464","Brian C.","#2 Bronco Sport CTD5399 (WA #CTD5399)","Ford Bronco Sport 2025","3144760","3FMCR9BN3SRE66889","2026-04-09 02:00 PM","2026-04-12 09:00 AM","17801 International Boulevard, Seattle, WA 98158","17801 International Boulevard, Seattle, WA 98158","Completed","26665","","","3","$177.30","$0.00","- $8.86","$0.00","$0.00","$0.00","$0.00","$0.00","$0.00","- $17.73","$0.00","$0.00","$27.00","$0.00","$0.00","$0.00","$0.00","$0.00","$0.00","$0.00","$0.00","$4.20","$0.00","$0.00","$0.00","$0.00","$0.00","$0.00","$0.00","$0.00","$0.00","$181.91"
"55741344","Shana B.","# 9 Outback CGS9019 (WA #CGS9019)","Subaru Outback 2023","3168172","4S4BTACC4P3208642","2026-06-12 11:00 AM","2026-06-25 04:00 PM","17801 International Boulevard, Seattle, WA 98158","17801 International Boulevard, Seattle, WA 98158","Completed","65417","","","14","$1,355.40","$0.00","$0.00","$0.00","- $271.08","$0.00","$0.00","$0.00","$0.00","$0.00","$0.00","$0.00","$27.00","$0.00","$0.00","$0.00","$0.00","$0.00","$0.00","$0.00","$0.00","$0.00","$0.00","$0.00","$0.00","$0.00","$0.00","$0.00","$0.00","$0.00","$0.00","$1,111.32"
"55743618","Chris H.","#6 CX-50 CTL3409 (WA #CTL3409)","Mazda CX-50 2025","3194251","7MMVABAM2SN362658","2026-04-02 08:30 PM","2026-04-09 11:00 AM","17801 International Boulevard, Seattle, WA 98158","17801 International Boulevard, Seattle, WA 98158","Completed","23093","23420","327","7","$342.00","$0.00","- $14.99","$0.00","$0.00","$0.00","$0.00","$0.00","$0.00","$0.00","$0.00","$0.00","$27.00","$0.00","$0.00","$0.00","$0.00","$0.00","$0.00","$0.00","$0.00","$0.00","$0.00","$0.00","$0.00","$0.00","$0.00","$0.00","$0.00","$0.00","$0.00","$354.01"
"55745516","Dante R.","#14 Outlander D82070J (WA #D82070J)","Mitsubishi Outlander 2024","3575991","JA4J4VA8XRZ071185","2026-05-22 10:00 AM","2026-05-25 07:00 PM","17801 International Boulevard, Seattle, WA 98158","17801 International Boulevard, Seattle, WA 98158","Completed","62746","63064","318","4","$276.30","$0.00","- $13.82","$0.00","$0.00","$0.00","$0.00","$0.00","$0.00","- $27.63","$0.00","$0.00","$27.00","$0.00","$0.00","$0.00","$0.00","$0.00","$0.00","$0.00","$0.00","$4.50","$0.00","$0.00","$0.00","$0.00","$0.00","$0.00","$0.00","$0.00","$0.00","$266.35"
"55801909","Hannah L.","#7 CX-30 (WA #CVU0759)","Mazda CX-30 2026","3587146","3MVDMBAL4TM116716","2026-04-05 03:00 PM","2026-04-06 03:30 PM","707 South Grady Way, Renton, WA 98057","707 South Grady Way, Renton, WA 98057","Completed","3214","3448","234","2","$96.05","$0.00","$0.00","$0.00","$0.00","$0.00","$0.00","$0.00","$0.00","$0.00","$0.00","$0.00","$0.00","$0.00","$0.00","$0.00","$0.00","$0.00","$0.00","$0.00","$0.00","$0.00","$0.00","$0.00","$0.00","$0.00","$0.00","$0.00","$0.00","$0.00","$0.00","$96.05"
"55807336","Joseph J.","#4 CX-30 CPR8256 (WA #CPR8256)","Mazda CX-30 2025","3089013","3MVDMBBM1SM798816","2026-04-08 07:30 PM","2026-04-14 12:00 PM","17801 International Boulevard, Seattle, WA 98158","17801 International Boulevard, Seattle, WA 98158","Completed","32608","32841","233","6","$268.20","$0.00","- $13.41","$0.00","$0.00","$0.00","$0.00","$0.00","$0.00","$0.00","$0.00","$0.00","$27.00","$0.00","$0.00","$0.00","$0.00","$0.00","$0.00","$0.00","$0.00","$1.25","$0.00","$0.00","$0.00","$0.00","$0.00","$0.00","$0.00","$0.00","$0.00","$283.04"
"55914802","Brandon L.","#2 Bronco Sport CTD5399 (WA #CTD5399)","Ford Bronco Sport 2025","3144760","3FMCR9BN3SRE66889","2026-06-17 09:00 PM","2026-06-21 06:00 PM","17801 International Boulevard, Seattle, WA 98158","17801 International Boulevard, Seattle, WA 98158","Completed","32063","32305","242","4","$475.00","$0.00","- $23.75","$0.00","$0.00","$0.00","$0.00","$0.00","$0.00","- $47.50","$0.00","$0.00","$27.00","$0.00","$0.00","$0.00","$0.00","$0.00","$0.00","$0.00","$0.00","$6.85","$0.00","$0.00","$0.00","$0.00","$0.00","$0.00","$0.00","$0.00","$0.00","$437.60"
"55932929","Rachel J.","#4 CX-30 CPR8256 (WA #CPR8256)","Mazda CX-30 2025","3089013","3MVDMBBM1SM798816","2026-09-03 08:00 PM","2026-09-08 08:00 PM","17801 International Boulevard, Seattle, WA 98158","17801 International Boulevard, Seattle, WA 98158","Booked","","","","5","$333.00","$0.00","- $16.65","$0.00","$0.00","$0.00","$0.00","$0.00","$0.00","- $31.64","$0.00","$0.00","$27.00","$0.00","$0.00","$0.00","$0.00","$0.00","$0.00","$0.00","$0.00","$0.00","$0.00","$0.00","$0.00","$0.00","$0.00","$0.00","$0.00","$0.00","$0.00","$311.71"
"55939723","Anthony P.","#7 CX-30 (WA #CVU0759)","Mazda CX-30 2026","3587146","3MVDMBAL4TM116716","2026-04-08 12:00 PM","2026-04-18 12:00 PM","707 South Grady Way, Renton, WA 98057","707 South Grady Way, Renton, WA 98057","Completed","3448","3953","505","10","$435.20","$0.00","$0.00","$0.00","$0.00","$0.00","$0.00","$0.00","$0.00","$0.00","$0.00","$0.00","$0.00","$0.00","$0.00","$0.00","$0.00","$0.00","$0.00","$0.00","$0.00","$0.00","$0.00","$0.00","$0.00","$0.00","$0.00","$0.00","$0.00","$0.00","$0.00","$435.20"
"55981909","Micaela P.","#1 Bronco Sport CSD5744 (WA #CSD5744)","Ford Bronco Sport 2024","3090505","3FMCR9B67RRF51219","2026-04-16 09:30 PM","2026-04-21 09:00 AM","17801 International Boulevard, Seattle, WA 98158","17801 International Boulevard, Seattle, WA 98158","Completed","28717","29310","593","5","$234.90","$0.00","- $11.74","$0.00","$0.00","$0.00","$0.00","$0.00","$0.00","- $22.32","$0.00","$0.00","$27.00","$0.00","$0.00","$0.00","$0.00","$0.00","$0.00","$0.00","$0.00","$4.50","$0.00","$0.00","$0.00","$0.00","$0.00","$0.00","$0.00","$0.00","$0.00","$232.34"
"56000752","Mubeen K.","#6 CX-50 CTL3409 (WA #CTL3409)","Mazda CX-50 2025","3194251","7MMVABAM2SN362658","2026-05-03 09:30 PM","2026-05-13 08:30 PM","17801 International Boulevard, Seattle, WA 98158","17801 International Boulevard, Seattle, WA 98158","Completed","25381","25829","448","10","$509.20","$0.00","$0.00","- $76.38","$0.00","$0.00","$0.00","$0.00","$0.00","$0.00","$0.00","$0.00","$27.00","$0.00","$0.00","$0.00","$0.00","$0.00","$0.00","$0.00","$0.00","$0.00","$0.00","$0.00","$0.00","$0.00","$0.00","$0.00","$0.00","$0.00","$0.00","$459.82"
"56015288","Traci Q.","#6 CX-50 CTL3409 (WA #CTL3409)","Mazda CX-50 2025","3194251","7MMVABAM2SN362658","2026-07-09 12:30 PM","2026-07-16 02:30 PM","17801 International Boulevard, Seattle, WA 98158","17801 International Boulevard, Seattle, WA 98158","Booked","","","","8","$885.00","$0.00","$0.00","- $132.75","$0.00","$0.00","$0.00","$0.00","$0.00","$0.00","$0.00","$0.00","$27.00","$0.00","$0.00","$0.00","$0.00","$0.00","$0.00","$0.00","$0.00","$0.00","$0.00","$0.00","$0.00","$0.00","$0.00","$0.00","$0.00","$0.00","$0.00","$779.25"
"56037000","Daniel A.","#4 CX-30 CPR8256 (WA #CPR8256)","Mazda CX-30 2025","3089013","3MVDMBBM1SM798816","2026-08-26 12:30 PM","2026-08-30 10:30 PM","17801 International Boulevard, Seattle, WA 98158","17801 International Boulevard, Seattle, WA 98158","Booked","","","","5","$360.00","$0.00","- $18.00","$0.00","$0.00","$0.00","$0.00","$0.00","$0.00","$0.00","$0.00","$0.00","$27.00","$0.00","$0.00","$0.00","$0.00","$0.00","$0.00","$0.00","$0.00","$0.00","$0.00","$0.00","$0.00","$0.00","$0.00","$0.00","$0.00","$0.00","$0.00","$369.00"
"56043455","Rebecca W.","#3 CR-V CSJ1646 (WA #CSJ1646)","Honda CR-V 2025","3148718","2HKRS4H21SH443987","2026-04-11 09:00 AM","2026-04-14 09:00 AM","17801 International Boulevard, Seattle, WA 98158","17801 International Boulevard, Seattle, WA 98158","Host cancellation","","","","3","$0.00","$0.00","$0.00","$0.00","$0.00","$0.00","$0.00","$0.00","$0.00","$0.00","$0.00","$0.00","$0.00","$0.00","$0.00","$0.00","$0.00","$0.00","$0.00","$0.00","$0.00","$0.00","$0.00","$0.00","$0.00","$0.00","$0.00","$0.00","$0.00","$0.00","$0.00","$0.00"
"56057677","Eugeniy K.","#2 Bronco Sport CTD5399 (WA #CTD5399)","Ford Bronco Sport 2025","3144760","3FMCR9BN3SRE66889","2026-04-17 10:00 AM","2026-04-19 12:00 PM","17801 International Boulevard, Seattle, WA 98158","17801 International Boulevard, Seattle, WA 98158","Guest cancellation","","","","3","$0.00","$0.00","$0.00","$0.00","$0.00","$0.00","$0.00","$0.00","$0.00","$0.00","$0.00","$0.00","$0.00","$0.00","$0.00","$0.00","$0.00","$0.00","$0.00","$0.00","$0.00","$0.00","$0.00","$0.00","$0.00","$0.00","$0.00","$0.00","$0.00","$0.00","$0.00","$0.00"
"56110712","Maritza R.","#14 Outlander D82070J (WA #D82070J)","Mitsubishi Outlander 2024","3575991","JA4J4VA8XRZ071185","2026-04-25 08:30 AM","2026-04-28 10:00 AM","17801 International Boulevard, Seattle, WA 98158","17801 International Boulevard, Seattle, WA 98158","Completed","61427","61774","347","4","$174.60","$0.00","- $8.73","$0.00","$0.00","$0.00","$0.00","$0.00","$0.00","- $16.59","$0.00","$0.00","$27.00","$0.00","$0.00","$0.00","$0.00","$0.00","$0.00","$0.00","$0.00","$0.00","$0.00","$0.00","$0.00","$0.00","$0.00","$0.00","$0.00","$0.00","$0.00","$176.28"
"56114729","James A.","#14 Outlander D82070J (WA #D82070J)","Mitsubishi Outlander 2024","3575991","JA4J4VA8XRZ071185","2026-04-17 06:30 PM","2026-04-21 11:30 AM","17801 International Boulevard, Seattle, WA 98158","17801 International Boulevard, Seattle, WA 98158","Completed","61028","61422","394","4","$178.20","$0.00","- $8.91","$0.00","$0.00","$0.00","$0.00","$0.00","$0.00","$0.00","$0.00","$0.00","$27.00","$0.00","$0.00","$0.00","$0.00","$0.00","$0.00","$0.00","$0.00","$4.50","$0.00","$0.00","$0.00","$0.00","$0.00","$0.00","$0.00","$0.00","$0.00","$200.79"
"56115828","Isaac G.","#4 CX-30 CPR8256 (WA #CPR8256)","Mazda CX-30 2025","3089013","3MVDMBBM1SM798816","2026-06-14 11:00 AM","2026-06-20 09:00 PM","17801 International Boulevard, Seattle, WA 98158","17801 International Boulevard, Seattle, WA 98158","Completed","34027","34856","829","7","$594.00","$0.00","$0.00","- $89.10","$0.00","$0.00","$0.00","$0.00","$0.00","- $50.49","$0.00","$0.00","$27.00","$0.00","$0.00","$0.00","$0.00","$0.00","$0.00","$0.00","$0.00","$4.50","$0.00","$0.00","$0.00","$0.00","$0.00","$40.51","$0.00","$0.00","$0.00","$526.42"
"56129705","Rhea V.","#8 Ascent CMW9721 (WA #CMW9721)","Subaru Ascent 2024","3344650","4S4WMAND8R3441754","2026-04-16 12:30 PM","2026-04-19 12:30 PM","17801 International Boulevard, Seattle, WA 98158","17801 International Boulevard, Seattle, WA 98158","Completed","41306","41668","362","3","$171.00","$0.00","- $8.55","$0.00","$0.00","$0.00","$0.00","$0.00","$0.00","$0.00","$0.00","$0.00","$27.00","$0.00","$0.00","$0.00","$0.00","$0.00","$0.00","$0.00","$0.00","$0.00","$0.00","$0.00","$0.00","$0.00","$0.00","$0.00","$0.00","$0.00","$0.00","$189.45"
"56143337","Kevin W.","# 9 Outback CGS9019 (WA #CGS9019)","Subaru Outback 2023","3168172","4S4BTACC4P3208642","2026-04-22 10:00 AM","2026-04-26 10:00 AM","707 South Grady Way, Renton, WA 98057","707 South Grady Way, Renton, WA 98057","Completed","62707","63145","438","4","$192.60","$0.00","- $9.63","$0.00","$0.00","$0.00","$0.00","$0.00","$0.00","- $18.30","$0.00","$0.00","$27.00","$0.00","$0.00","$0.00","$0.00","$0.00","$0.00","$0.00","$0.00","$2.25","$0.00","$0.00","$0.00","$0.00","$0.00","$0.00","$0.00","$0.00","$0.00","$193.92"
"56146359","Gina A.","#12 Ford Bronco Sport SWA7154 (WA #CWA7154)","Ford Bronco Sport 2025","3549192","3FMCR9BN7SRF76361","2026-04-26 10:00 AM","2026-04-29 09:30 AM","17801 International Boulevard, Seattle, WA 98158","17801 International Boulevard, Seattle, WA 98158","Completed","6989","7258","269","3","$129.60","$0.00","- $6.48","$0.00","$0.00","$0.00","$0.00","$0.00","$0.00","- $12.31","$0.00","$0.00","$27.00","$0.00","$0.00","$0.00","$0.00","$0.00","$0.00","$0.00","$0.00","$0.00","$0.00","$0.00","$0.00","$0.00","$0.00","$27.18","$0.00","$0.00","$0.00","$164.99"
"56181211","Caleb G.","#2 Bronco Sport CTD5399 (WA #CTD5399)","Ford Bronco Sport 2025","3144760","3FMCR9BN3SRE66889","2026-05-27 10:00 PM","2026-05-31 07:30 AM","17801 International Boulevard, Seattle, WA 98158","17801 International Boulevard, Seattle, WA 98158","Guest cancellation","","","","4","$0.00","$0.00","$0.00","$0.00","$0.00","$0.00","$0.00","$0.00","$0.00","$0.00","$0.00","$0.00","$0.00","$0.00","$0.00","$0.00","$0.00","$0.00","$0.00","$0.00","$0.00","$0.00","$0.00","$0.00","$0.00","$0.00","$0.00","$0.00","$0.00","$0.00","$0.00","$0.00"
"56194530","Glaucia L.","#4 CX-30 CPR8256 (WA #CPR8256)","Mazda CX-30 2025","3089013","3MVDMBBM1SM798816","2026-06-25 08:00 AM","2026-06-30 05:00 PM","17801 International Boulevard, Seattle, WA 98158","17801 International Boulevard, Seattle, WA 98158","Completed","35090","35422","332","6","$538.00","$0.00","- $26.90","$0.00","$0.00","$0.00","$0.00","$0.00","$0.00","- $51.11","$0.00","$0.00","$27.00","$0.00","$0.00","$0.00","$0.00","$0.00","$0.00","$0.00","$0.00","$0.00","$0.00","$0.00","$0.00","$0.00","$0.00","$0.00","$0.00","$0.00","$0.00","$486.99"
"56199702","Kristin K.","#1 Bronco Sport CSD5744 (WA #CSD5744)","Ford Bronco Sport 2024","3090505","3FMCR9B67RRF51219","2026-07-10 09:30 AM","2026-07-15 07:30 AM","17801 International Boulevard, Seattle, WA 98158","17801 International Boulevard, Seattle, WA 98158","Guest cancellation","","","","5","$0.00","$0.00","$0.00","$0.00","$0.00","$0.00","$0.00","$0.00","$0.00","$0.00","$0.00","$0.00","$0.00","$0.00","$0.00","$0.00","$0.00","$0.00","$0.00","$0.00","$0.00","$0.00","$0.00","$0.00","$0.00","$0.00","$0.00","$0.00","$0.00","$0.00","$0.00","$0.00"
"56203383","Dallas R.","#2 Bronco Sport CTD5399 (WA #CTD5399)","Ford Bronco Sport 2025","3144760","3FMCR9BN3SRE66889","2026-04-16 10:30 AM","2026-04-19 09:00 PM","707 South Grady Way, Renton, WA 98057","707 South Grady Way, Renton, WA 98057","Completed","26918","27344","426","4","$195.50","$0.00","- $9.78","$0.00","$0.00","$0.00","$0.00","$0.00","$0.00","$0.00","$0.00","$0.00","$0.00","$0.00","$0.00","$0.00","$0.00","$0.00","$0.00","$0.00","$0.00","$0.00","$0.00","$0.00","$0.00","$0.00","$0.00","$0.00","$0.00","$0.00","$0.00","$185.72"
"56226300","Deborah W.","#2 Bronco Sport CTD5399 (WA #CTD5399)","Ford Bronco Sport 2025","3144760","3FMCR9BN3SRE66889","2026-07-23 09:00 AM","2026-07-29 08:00 PM","17801 International Boulevard, Seattle, WA 98158","17801 International Boulevard, Seattle, WA 98158","Booked","","","","7","$723.00","$0.00","$0.00","- $108.45","$0.00","$0.00","$0.00","$0.00","$0.00","$0.00","$0.00","$0.00","$27.00","$0.00","$0.00","$0.00","$0.00","$0.00","$0.00","$0.00","$0.00","$0.00","$0.00","$0.00","$0.00","$0.00","$0.00","$0.00","$0.00","$0.00","$0.00","$641.55"
"56236052","Brittany G.","#7 CX-30 (WA #CVU0759)","Mazda CX-30 2026","3587146","3MVDMBAL4TM116716","2026-04-18 08:30 PM","2026-04-23 05:30 PM","17801 International Boulevard, Seattle, WA 98158","17801 International Boulevard, Seattle, WA 98158","Completed","3953","4069","116","5","$227.80","$0.00","- $11.39","$0.00","$0.00","$0.00","$0.00","$0.00","$0.00","$0.00","$0.00","$0.00","$27.00","$0.00","$0.00","$0.00","$0.00","$0.00","$0.00","$0.00","$0.00","$2.80","$0.00","$0.00","$0.00","$0.00","$0.00","$43.54","$0.00","$0.00","$0.00","$289.75"
"56246885","Arthur N.","#2 Bronco Sport CTD5399 (WA #CTD5399)","Ford Bronco Sport 2025","3144760","3FMCR9BN3SRE66889","2026-05-05 02:00 PM","2026-05-13 12:00 PM","17801 International Boulevard, Seattle, WA 98158","17801 International Boulevard, Seattle, WA 98158","Guest cancellation","","","","8","$0.00","$0.00","$0.00","$0.00","$0.00","$0.00","$0.00","$0.00","$0.00","$0.00","$0.00","$0.00","$0.00","$0.00","$0.00","$0.00","$0.00","$0.00","$0.00","$0.00","$0.00","$0.00","$0.00","$0.00","$0.00","$0.00","$0.00","$0.00","$0.00","$0.00","$0.00","$0.00"
"56248409","Nathan M.","# 9 Outback CGS9019 (WA #CGS9019)","Subaru Outback 2023","3168172","4S4BTACC4P3208642","2026-04-16 12:00 PM","2026-04-20 09:30 AM","707 South Grady Way, Renton, WA 98057","707 South Grady Way, Renton, WA 98057","Completed","62041","62707","666","4","$203.15","$20.32","- $10.16","$0.00","$0.00","$0.00","$0.00","$0.00","$0.00","$0.00","$0.00","$0.00","$0.00","$0.00","$0.00","$0.00","$0.00","$0.00","$0.00","$0.00","$0.00","$4.50","$0.00","$0.00","$0.00","$0.00","$0.00","$0.00","$0.00","- $213.31","$0.00","$4.50"
"56256278","Jose L.","#2 Bronco Sport CTD5399 (WA #CTD5399)","Ford Bronco Sport 2025","3144760","3FMCR9BN3SRE66889","2026-05-01 09:00 AM","2026-05-05 09:00 AM","17801 International Boulevard, Seattle, WA 98158","17801 International Boulevard, Seattle, WA 98158","Completed","27737","28678","941","4","$209.00","$0.00","- $10.45","$0.00","$0.00","$0.00","$0.00","$0.00","$0.00","- $19.86","$0.00","$0.00","$27.00","$0.00","$0.00","$0.00","$0.00","$0.00","$0.00","$0.00","$0.00","$0.00","$0.00","$0.00","$0.00","$0.00","$0.00","$80.60","$0.00","$0.00","$0.00","$286.29"
"56263389","Jennifer G.","#12 Ford Bronco Sport SWA7154 (WA #CWA7154)","Ford Bronco Sport 2025","3549192","3FMCR9BN7SRF76361","2026-05-15 12:30 PM","2026-05-22 11:30 AM","17801 International Boulevard, Seattle, WA 98158","17801 International Boulevard, Seattle, WA 98158","Guest cancellation","","","","7","$0.00","$0.00","$0.00","$0.00","$0.00","$0.00","$0.00","$0.00","$0.00","$0.00","$0.00","$0.00","$0.00","$0.00","$0.00","$0.00","$0.00","$0.00","$0.00","$0.00","$0.00","$0.00","$0.00","$0.00","$0.00","$0.00","$0.00","$0.00","$0.00","$0.00","$0.00","$0.00"
"56265994","Jacqueline S.","#5 CX-30 CPR8911 (WA #CPR8911)","Mazda CX-30 2025","3090357","3MVDMBBM1SM805876","2026-04-23 10:30 AM","2026-04-26 10:00 AM","17801 International Boulevard, Seattle, WA 98158","17801 International Boulevard, Seattle, WA 98158","Completed","32301","32597","296","3","$140.40","$0.00","- $7.02","$0.00","$0.00","$0.00","$0.00","$0.00","$0.00","- $13.34","$0.00","$0.00","$27.00","$0.00","$0.00","$0.00","$0.00","$0.00","$0.00","$0.00","$0.00","$1.25","$0.00","$0.00","$0.00","$0.00","$0.00","$27.62","$0.00","$0.00","$0.00","$175.91"
"56271206","Justin M.","# 9 Outback CGS9019 (WA #CGS9019)","Subaru Outback 2023","3168172","4S4BTACC4P3208642","2026-05-05 10:00 PM","2026-05-10 12:30 PM","17801 International Boulevard, Seattle, WA 98158","17801 International Boulevard, Seattle, WA 98158","Completed","63290","","","5","$227.05","$0.00","- $11.35","$0.00","$0.00","$0.00","$0.00","$0.00","$0.00","- $21.56","$0.00","$0.00","$27.00","$0.00","$0.00","$0.00","$0.00","$0.00","$0.00","$0.00","$0.00","$0.00","$0.00","$0.00","$0.00","$0.00","$0.00","$0.00","$0.00","$0.00","$0.00","$221.14"
"56273950","Jacob M.","#1 Bronco Sport CSD5744 (WA #CSD5744)","Ford Bronco Sport 2024","3090505","3FMCR9B67RRF51219","2026-05-06 03:00 PM","2026-05-10 08:00 PM","17801 International Boulevard, Seattle, WA 98158","17801 International Boulevard, Seattle, WA 98158","Completed","30217","30380","163","5","$262.20","$0.00","- $13.11","$0.00","$0.00","$0.00","$0.00","$0.00","$0.00","$0.00","$0.00","$0.00","$27.00","$0.00","$0.00","$0.00","$0.00","$0.00","$0.00","$0.00","$0.00","$5.30","$0.00","$0.00","$0.00","$0.00","$0.00","$0.00","$0.00","$0.00","$0.00","$281.39"
"56293893","Mincong S.","#7 CX-30 (WA #CVU0759)","Mazda CX-30 2026","3587146","3MVDMBAL4TM116716","2026-04-27 08:30 AM","2026-05-01 08:30 PM","17801 International Boulevard, Seattle, WA 98158","17801 International Boulevard, Seattle, WA 98158","Guest cancellation","","","","5","$213.30","$0.00","- $10.66","$0.00","$0.00","$0.00","$0.00","$0.00","$0.00","- $20.27","$0.00","$0.00","$27.00","$0.00","$0.00","$0.00","$0.00","$0.00","$0.00","$0.00","$0.00","$0.00","$0.00","$0.00","$0.00","$0.00","$0.00","$0.00","$0.00","$0.00","$0.00","$209.37"
"56310348","Aaron H.","#13 CR-V CWF7613 (WA #CWF7613)","Honda CR-V 2025","3567962","2HKRS4H27SH405308","2026-04-26 05:00 PM","2026-04-30 11:00 AM","17801 International Boulevard, Seattle, WA 98158","17801 International Boulevard, Seattle, WA 98158","Completed","12693","12878","185","4","$166.50","$0.00","- $8.32","$0.00","$0.00","$0.00","$0.00","$0.00","$0.00","- $15.82","$0.00","$0.00","$27.00","$0.00","$0.00","$0.00","$0.00","$0.00","$0.00","$0.00","$0.00","$0.00","$0.00","$0.00","$0.00","$0.00","$0.00","$0.00","$0.00","$0.00","$0.00","$169.36"
"56322942","Violet J.","#2 Bronco Sport CTD5399 (WA #CTD5399)","Ford Bronco Sport 2025","3144760","3FMCR9BN3SRE66889","2026-05-26 05:00 PM","2026-05-31 05:00 PM","17801 International Boulevard, Seattle, WA 98158","17801 International Boulevard, Seattle, WA 98158","Guest cancellation","","","","5","$0.00","$0.00","$0.00","$0.00","$0.00","$0.00","$0.00","$0.00","$0.00","$0.00","$0.00","$0.00","$0.00","$0.00","$0.00","$0.00","$0.00","$0.00","$0.00","$0.00","$0.00","$0.00","$0.00","$0.00","$0.00","$0.00","$0.00","$0.00","$0.00","$0.00","$0.00","$0.00"
"56339379","Michelle P.","# 9 Outback CGS9019 (WA #CGS9019)","Subaru Outback 2023","3168172","4S4BTACC4P3208642","2026-07-14 06:00 PM","2026-07-25 03:00 PM","17801 International Boulevard, Seattle, WA 98158","17801 International Boulevard, Seattle, WA 98158","Booked","","","","11","$1,026.00","$0.00","$0.00","- $153.90","$0.00","$0.00","$0.00","$0.00","$0.00","- $87.21","$0.00","$0.00","$27.00","$0.00","$0.00","$0.00","$0.00","$0.00","$0.00","$0.00","$0.00","$0.00","$0.00","$0.00","$0.00","$0.00","$0.00","$0.00","$0.00","$0.00","$0.00","$811.89"
"56339773","William F.","#11 Outback CMV2996 (WA #CMV2996)","Subaru Outback 2024","3092194","4S4BTACC7R3286674","2026-08-14 11:30 AM","2026-08-23 09:00 AM","707 South Grady Way, Renton, WA 98057","707 South Grady Way, Renton, WA 98057","Booked","","","","9","$838.00","$0.00","$0.00","- $125.70","$0.00","$0.00","$0.00","$0.00","$0.00","- $71.23","$0.00","$0.00","$27.00","$0.00","$0.00","$0.00","$0.00","$0.00","$0.00","$0.00","$0.00","$0.00","$0.00","$0.00","$0.00","$0.00","$0.00","$0.00","$0.00","$0.00","$0.00","$668.07"
"56345247","John J.","#12 Ford Bronco Sport SWA7154 (WA #CWA7154)","Ford Bronco Sport 2025","3549192","3FMCR9BN7SRF76361","2026-04-22 01:00 PM","2026-04-25 09:30 PM","707 South Grady Way, Renton, WA 98057","707 South Grady Way, Renton, WA 98057","Completed","6070","6989","919","4","$189.00","$0.00","- $6.88","$0.00","$0.00","$0.00","$0.00","$0.00","$0.00","$0.00","$0.00","$0.00","$0.00","$0.00","$0.00","$0.00","$0.00","$0.00","$0.00","$0.00","$0.00","$0.00","$0.00","$0.00","$0.00","$0.00","$0.00","$0.00","$0.00","$0.00","$0.00","$182.12"
"56350139","Debra M.","#14 Outlander D82070J (WA #D82070J)","Mitsubishi Outlander 2024","3575991","JA4J4VA8XRZ071185","2026-06-02 01:30 PM","2026-06-06 02:30 PM","17801 International Boulevard, Seattle, WA 98158","17801 International Boulevard, Seattle, WA 98158","Completed","63080","63684","604","5","$371.00","$0.00","- $18.55","$0.00","$0.00","$0.00","$0.00","$0.00","$0.00","- $35.24","$0.00","$0.00","$27.00","$0.00","$0.00","$0.00","$0.00","$0.00","$0.00","$0.00","$0.00","$0.00","$0.00","$0.00","$0.00","$0.00","$0.00","$0.00","$0.00","$0.00","$0.00","$344.21"
"56362428","Ryan M.","#6 CX-50 CTL3409 (WA #CTL3409)","Mazda CX-50 2025","3194251","7MMVABAM2SN362658","2026-06-10 09:30 AM","2026-06-14 12:30 PM","707 South Grady Way, Renton, WA 98057","707 South Grady Way, Renton, WA 98057","Completed","27882","28266","384","5","$431.00","$0.00","- $21.55","$0.00","$0.00","$0.00","$0.00","$0.00","$0.00","- $40.94","$0.00","$0.00","$0.00","$0.00","$0.00","$0.00","$0.00","$0.00","$0.00","$0.00","$0.00","$0.00","$0.00","$0.00","$0.00","$0.00","$0.00","$0.00","$0.00","$0.00","$0.00","$368.51"
"56364360","Yulissa F.","#7 CX-30 (WA #CVU0759)","Mazda CX-30 2026","3587146","3MVDMBAL4TM116716","2026-04-23 09:30 PM","2026-04-27 10:00 AM","17801 International Boulevard, Seattle, WA 98158","17801 International Boulevard, Seattle, WA 98158","Guest cancellation","","","","4","$0.00","$0.00","$0.00","$0.00","$0.00","$0.00","$0.00","$0.00","$0.00","$0.00","$0.00","$0.00","$0.00","$0.00","$0.00","$0.00","$0.00","$0.00","$0.00","$0.00","$0.00","$0.00","$0.00","$0.00","$0.00","$0.00","$0.00","$0.00","$0.00","$0.00","$0.00","$0.00"
"56383339","Cameron M.","#10 Outback CHW4262 (WA #CHW4262)","Subaru Outback 2023","3374613","4S4BTACC8P3213469","2026-04-24 11:00 AM","2026-04-27 07:00 PM","707 South Grady Way, Renton, WA 98057","707 South Grady Way, Renton, WA 98057","Guest cancellation","","","","4","$0.00","$0.00","$0.00","$0.00","$0.00","$0.00","$0.00","$0.00","$0.00","$0.00","$0.00","$0.00","$0.00","$0.00","$0.00","$0.00","$0.00","$0.00","$0.00","$0.00","$0.00","$0.00","$0.00","$0.00","$0.00","$0.00","$0.00","$0.00","$0.00","$0.00","$0.00","$0.00"
"56383485","Courtney T.","#4 CX-30 CPR8256 (WA #CPR8256)","Mazda CX-30 2025","3089013","3MVDMBBM1SM798816","2026-07-06 11:30 AM","2026-07-13 03:00 PM","17801 International Boulevard, Seattle, WA 98158","17801 International Boulevard, Seattle, WA 98158","Booked","","","","8","$712.00","$0.00","$0.00","- $106.80","$0.00","$0.00","$0.00","$0.00","$0.00","- $60.52","$0.00","$0.00","$27.00","$0.00","$81.00","$0.00","$0.00","$0.00","$0.00","$0.00","$0.00","$0.00","$0.00","$0.00","$0.00","$0.00","$0.00","$0.00","$0.00","$0.00","$0.00","$652.68"
"56383590","Julianna R.","#5 CX-30 CPR8911 (WA #CPR8911)","Mazda CX-30 2025","3090357","3MVDMBBM1SM805876","2026-06-19 10:00 AM","2026-06-26 07:30 PM","17801 International Boulevard, Seattle, WA 98158","17801 International Boulevard, Seattle, WA 98158","Completed","36188","","","8","$715.00","$0.00","$0.00","- $107.25","$0.00","$0.00","$0.00","$0.00","$0.00","- $60.78","$0.00","$0.00","$27.00","$0.00","$0.00","$0.00","$0.00","$0.00","$0.00","$0.00","$0.00","$0.00","$0.00","$0.00","$0.00","$0.00","$0.00","$0.00","$0.00","$0.00","$0.00","$573.97"
"56396015","SHERIFA M.","#5 CX-30 CPR8911 (WA #CPR8911)","Mazda CX-30 2025","3090357","3MVDMBBM1SM805876","2026-04-29 10:00 PM","2026-05-13 10:00 PM","17801 International Boulevard, Seattle, WA 98158","17801 International Boulevard, Seattle, WA 98158","Completed","32671","33326","655","14","$561.60","$0.00","$0.00","$0.00","- $112.32","$0.00","$0.00","$0.00","$0.00","- $44.93","$0.00","$0.00","$27.00","$0.00","$0.00","$0.00","$0.00","$0.00","$0.00","$0.00","$0.00","$10.70","$0.00","$0.00","$0.00","$0.00","$0.00","$0.00","$0.00","$0.00","$0.00","$442.05"
"56398909","Joshua M.","#3 CR-V CSJ1646 (WA #CSJ1646)","Honda CR-V 2025","3148718","2HKRS4H21SH443987","2026-05-20 09:30 PM","2026-05-27 10:00 AM","17801 International Boulevard, Seattle, WA 98158","17801 International Boulevard, Seattle, WA 98158","Completed","26597","27449","852","7","$422.00","$0.00","$0.00","- $42.20","$0.00","$0.00","$0.00","$0.00","$0.00","- $37.98","$0.00","$0.00","$27.00","$0.00","$0.00","$0.00","$0.00","$0.00","$0.00","$0.00","$0.00","$3.95","$0.00","$0.00","$0.00","$0.00","$0.00","$0.00","$0.00","$0.00","$0.00","$372.77"
"56413841","Safary W.","#3 CR-V CSJ1646 (WA #CSJ1646)","Honda CR-V 2025","3148718","2HKRS4H21SH443987","2026-06-12 06:30 AM","2026-06-14 11:00 PM","17801 International Boulevard, Seattle, WA 98158","17801 International Boulevard, Seattle, WA 98158","Completed","28599","29270","671","3","$259.00","$0.00","- $12.95","$0.00","$0.00","$0.00","$0.00","$0.00","$0.00","$0.00","$0.00","$0.00","$27.00","$26.20","$0.00","$0.00","$0.00","$0.00","$0.00","$0.00","$0.00","$0.00","$0.00","$0.00","$0.00","$0.00","$0.00","$0.00","$0.00","$0.00","$0.00","$299.25"
"56416128","Emily S.","#3 CR-V CSJ1646 (WA #CSJ1646)","Honda CR-V 2025","3148718","2HKRS4H21SH443987","2026-04-24 10:00 AM","2026-04-26 06:30 PM","17801 International Boulevard, Seattle, WA 98158","17801 International Boulevard, Seattle, WA 98158","Completed","25686","26165","479","3","$137.70","$0.00","- $6.88","$0.00","$0.00","$0.00","$0.00","$0.00","$0.00","$0.00","$0.00","$0.00","$27.00","$0.00","$0.00","$0.00","$0.00","$0.00","$0.00","$0.00","$0.00","$0.00","$0.00","$0.00","$0.00","$0.00","$0.00","$0.00","$0.00","$0.00","$0.00","$157.82"
"56427851","Elizabeth G.","#13 CR-V CWF7613 (WA #CWF7613)","Honda CR-V 2025","3567962","2HKRS4H27SH405308","2026-07-14 08:30 PM","2026-07-22 11:30 AM","17801 International Boulevard, Seattle, WA 98158","17801 International Boulevard, Seattle, WA 98158","Booked","","","","8","$736.00","$0.00","$0.00","- $110.40","$0.00","$0.00","$0.00","$0.00","$0.00","- $62.56","$0.00","$0.00","$27.00","$0.00","$0.00","$0.00","$0.00","$0.00","$0.00","$0.00","$0.00","$0.00","$0.00","$0.00","$0.00","$0.00","$0.00","$0.00","$0.00","$0.00","$0.00","$590.04"
"56432271","Anna C.","# 9 Outback CGS9019 (WA #CGS9019)","Subaru Outback 2023","3168172","4S4BTACC4P3208642","2026-05-22 10:00 AM","2026-05-25 04:00 PM","17801 International Boulevard, Seattle, WA 98158","17801 International Boulevard, Seattle, WA 98158","Completed","64174","64586","412","4","$294.00","$0.00","- $14.70","$0.00","$0.00","$0.00","$0.00","$0.00","$0.00","- $27.93","$0.00","$0.00","$27.00","$0.00","$0.00","$0.00","$0.00","$0.00","$0.00","$0.00","$0.00","$0.00","$0.00","$0.00","$0.00","$0.00","$0.00","$0.00","$0.00","$0.00","$0.00","$278.37"
"56432936","Srivenkateswara K.","#1 Bronco Sport CSD5744 (WA #CSD5744)","Ford Bronco Sport 2024","3090505","3FMCR9B67RRF51219","2026-05-23 09:30 PM","2026-05-31 09:30 PM","17801 International Boulevard, Seattle, WA 98158","17801 International Boulevard, Seattle, WA 98158","Completed","30839","","","8","$537.00","$0.00","$0.00","- $80.55","$0.00","$0.00","$0.00","$0.00","$0.00","- $45.64","$0.00","$0.00","$27.00","$0.00","$0.00","$0.00","$0.00","$0.00","$0.00","$0.00","$0.00","$0.00","$0.00","$0.00","$0.00","$0.00","$0.00","$0.00","$0.00","$0.00","$0.00","$437.81"
"56441542","Greg M.","#3 CR-V CSJ1646 (WA #CSJ1646)","Honda CR-V 2025","3148718","2HKRS4H21SH443987","2026-07-09 07:00 PM","2026-07-12 07:00 AM","17801 International Boulevard, Seattle, WA 98158","17801 International Boulevard, Seattle, WA 98158","Booked","","","","3","$280.00","$0.00","- $14.00","$0.00","$0.00","$0.00","$0.00","$0.00","$0.00","- $26.60","$0.00","$0.00","$27.00","$0.00","$0.00","$0.00","$0.00","$0.00","$0.00","$0.00","$0.00","$0.00","$0.00","$0.00","$0.00","$0.00","$0.00","$0.00","$0.00","$0.00","$0.00","$266.40"
"56443175","Chris S.","#11 Outback CMV2996 (WA #CMV2996)","Subaru Outback 2024","3092194","4S4BTACC7R3286674","2026-08-29 07:30 PM","2026-09-05 02:00 PM","17801 International Boulevard, Seattle, WA 98158","17801 International Boulevard, Seattle, WA 98158","Booked","","","","7","$502.00","$0.00","$0.00","- $75.30","$0.00","$0.00","$0.00","$0.00","$0.00","$0.00","$0.00","$0.00","$27.00","$0.00","$0.00","$0.00","$0.00","$0.00","$0.00","$0.00","$0.00","$0.00","$0.00","$0.00","$0.00","$0.00","$0.00","$0.00","$0.00","$0.00","$0.00","$453.70"
"56443912","Matt K.","#8 Ascent CMW9721 (WA #CMW9721)","Subaru Ascent 2024","3344650","4S4WMAND8R3441754","2026-06-12 09:00 AM","2026-06-17 09:00 AM","17801 International Boulevard, Seattle, WA 98158","17801 International Boulevard, Seattle, WA 98158","Completed","43531","44068","537","5","$572.00","$0.00","- $28.60","$0.00","$0.00","$0.00","$0.00","$0.00","$0.00","- $54.34","$0.00","$0.00","$27.00","$0.00","$0.00","$0.00","$0.00","$0.00","$0.00","$0.00","$0.00","$0.00","$0.00","$0.00","$0.00","$0.00","$0.00","$0.00","$0.00","$0.00","$0.00","$516.06"
"56446376","Richard H.","#3 CR-V CSJ1646 (WA #CSJ1646)","Honda CR-V 2025","3148718","2HKRS4H21SH443987","2026-07-14 11:00 AM","2026-07-21 07:30 AM","17801 International Boulevard, Seattle, WA 98158","17801 International Boulevard, Seattle, WA 98158","Guest cancellation","","","","7","$0.00","$0.00","$0.00","$0.00","$0.00","$0.00","$0.00","$0.00","$0.00","$0.00","$0.00","$0.00","$0.00","$0.00","$0.00","$0.00","$0.00","$0.00","$0.00","$0.00","$0.00","$0.00","$0.00","$0.00","$0.00","$0.00","$0.00","$0.00","$0.00","$0.00","$0.00","$0.00"
"56453779","Ronald W.","#3 CR-V CSJ1646 (WA #CSJ1646)","Honda CR-V 2025","3148718","2HKRS4H21SH443987","2026-06-20 10:30 AM","2026-06-24 03:00 PM","17801 International Boulevard, Seattle, WA 98158","17801 International Boulevard, Seattle, WA 98158","Guest cancellation","","","","5","$0.00","$0.00","$0.00","$0.00","$0.00","$0.00","$0.00","$0.00","$0.00","$0.00","$0.00","$0.00","$0.00","$0.00","$0.00","$0.00","$0.00","$0.00","$0.00","$0.00","$0.00","$0.00","$0.00","$0.00","$0.00","$0.00","$0.00","$0.00","$0.00","$0.00","$0.00","$0.00"
"56461769","Stephanie Z.","#13 CR-V CWF7613 (WA #CWF7613)","Honda CR-V 2025","3567962","2HKRS4H27SH405308","2026-04-23 10:30 PM","2026-04-26 10:00 AM","17801 International Boulevard, Seattle, WA 98158","17801 International Boulevard, Seattle, WA 98158","Completed","12545","12693","148","3","$140.25","$0.00","- $7.01","$0.00","$0.00","$0.00","$0.00","$0.00","$0.00","$0.00","$0.00","$0.00","$27.00","$0.00","$0.00","$0.00","$0.00","$0.00","$0.00","$0.00","$0.00","$0.00","$0.00","$0.00","$0.00","$0.00","$0.00","$0.00","$0.00","$0.00","$0.00","$160.24"
"56470567","Alley R.","#1 Bronco Sport CSD5744 (WA #CSD5744)","Ford Bronco Sport 2024","3090505","3FMCR9B67RRF51219","2026-04-28 10:00 AM","2026-05-03 06:00 PM","17801 International Boulevard, Seattle, WA 98158","17801 International Boulevard, Seattle, WA 98158","Completed","29593","30180","587","6","$266.40","$0.00","- $13.32","$0.00","$0.00","$0.00","$0.00","$0.00","$0.00","$0.00","$0.00","$0.00","$27.00","$0.00","$0.00","$0.00","$0.00","$0.00","$0.00","$0.00","$0.00","$6.90","$0.00","$0.00","$0.00","$0.00","$0.00","$0.00","$0.00","$0.00","$0.00","$286.98"
"56471468","Richard M.","#5 CX-30 CPR8911 (WA #CPR8911)","Mazda CX-30 2025","3090357","3MVDMBBM1SM805876","2026-06-10 10:00 AM","2026-06-17 10:00 AM","17801 International Boulevard, Seattle, WA 98158","17801 International Boulevard, Seattle, WA 98158","Completed","35143","36151","1008","7","$548.00","$0.00","$0.00","- $82.20","$0.00","$0.00","$0.00","$0.00","$0.00","- $46.58","$0.00","$0.00","$27.00","$0.00","$0.00","$0.00","$0.00","$0.00","$0.00","$0.00","$0.00","$9.40","$0.00","$0.00","$0.00","$0.00","$0.00","$78.87","$0.00","$0.00","$0.00","$534.49"
"56483275","Nashlah B.","#7 CX-30 (WA #CVU0759)","Mazda CX-30 2026","3587146","3MVDMBAL4TM116716","2026-04-30 08:00 PM","2026-05-04 07:30 AM","17801 International Boulevard, Seattle, WA 98158","17801 International Boulevard, Seattle, WA 98158","Completed","4743","5049","306","4","$174.60","$0.00","- $8.73","$0.00","$0.00","$0.00","$0.00","$0.00","$0.00","- $16.59","$0.00","$0.00","$27.00","$0.00","$0.00","$0.00","$0.00","$0.00","$0.00","$0.00","$0.00","$1.25","$0.00","$0.00","$0.00","$0.00","$0.00","$0.00","$0.00","$0.00","$0.00","$177.53"
"56490112","Joseph G.","#7 CX-30 (WA #CVU0759)","Mazda CX-30 2026","3587146","3MVDMBAL4TM116716","2026-04-24 12:00 PM","2026-04-27 12:00 PM","17801 International Boulevard, Seattle, WA 98158","17801 International Boulevard, Seattle, WA 98158","Completed","4071","4509","438","3","$117.30","$0.00","- $5.86","$0.00","$0.00","$0.00","$0.00","$0.00","$0.00","$0.00","$0.00","$0.00","$27.00","$0.00","$0.00","$0.00","$0.00","$0.00","$0.00","$0.00","$0.00","$0.00","$0.00","$0.00","$0.00","$0.00","$0.00","$0.00","$0.00","$0.00","$0.00","$138.44"
"56498267","Kira M.","#6 CX-50 CTL3409 (WA #CTL3409)","Mazda CX-50 2025","3194251","7MMVABAM2SN362658","2026-06-15 11:30 AM","2026-06-22 08:00 AM","17801 International Boulevard, Seattle, WA 98158","17801 International Boulevard, Seattle, WA 98158","Guest cancellation","","","","7","$0.00","$0.00","$0.00","$0.00","$0.00","$0.00","$0.00","$0.00","$0.00","$0.00","$0.00","$0.00","$0.00","$0.00","$0.00","$0.00","$0.00","$0.00","$0.00","$0.00","$0.00","$0.00","$0.00","$0.00","$0.00","$0.00","$0.00","$0.00","$0.00","$0.00","$0.00","$0.00"
"56533454","Louis H.","#5 CX-30 CPR8911 (WA #CPR8911)","Mazda CX-30 2025","3090357","3MVDMBBM1SM805876","2026-05-27 10:30 AM","2026-05-31 02:00 PM","17801 International Boulevard, Seattle, WA 98158","17801 International Boulevard, Seattle, WA 98158","Completed","34405","34923","518","5","$264.00","$0.00","- $13.20","$0.00","$0.00","$0.00","$0.00","$0.00","$0.00","- $25.08","$0.00","$0.00","$27.00","$0.00","$0.00","$0.00","$0.00","$0.00","$0.00","$0.00","$0.00","$1.25","$0.00","$0.00","$0.00","$0.00","$0.00","$0.00","$0.00","$0.00","$0.00","$253.97"
"56536998","Robert Mark N.","#5 CX-30 CPR8911 (WA #CPR8911)","Mazda CX-30 2025","3090357","3MVDMBBM1SM805876","2026-08-01 03:00 PM","2026-08-06 01:30 PM","17801 International Boulevard, Seattle, WA 98158","17801 International Boulevard, Seattle, WA 98158","Booked","","","","5","$400.00","$0.00","- $20.00","$0.00","$0.00","$0.00","$0.00","$0.00","$0.00","- $38.00","$0.00","$0.00","$27.00","$0.00","$0.00","$0.00","$0.00","$0.00","$0.00","$0.00","$0.00","$0.00","$0.00","$0.00","$0.00","$0.00","$0.00","$0.00","$0.00","$0.00","$0.00","$369.00"
"56538869","Savannah O.","#2 Bronco Sport CTD5399 (WA #CTD5399)","Ford Bronco Sport 2025","3144760","3FMCR9BN3SRE66889","2026-09-11 12:30 PM","2026-09-18 11:30 AM","17801 International Boulevard, Seattle, WA 98158","17801 International Boulevard, Seattle, WA 98158","Booked","","","","7","$479.00","$0.00","$0.00","- $71.85","$0.00","$0.00","$0.00","$0.00","$0.00","- $40.72","$0.00","$0.00","$27.00","$0.00","$0.00","$0.00","$0.00","$0.00","$0.00","$0.00","$0.00","$0.00","$0.00","$0.00","$0.00","$0.00","$0.00","$0.00","$0.00","$0.00","$0.00","$393.43"
"56547534","Kelly E.","#2 Bronco Sport CTD5399 (WA #CTD5399)","Ford Bronco Sport 2025","3144760","3FMCR9BN3SRE66889","2026-05-22 02:30 PM","2026-05-26 05:30 AM","17801 International Boulevard, Seattle, WA 98158","17801 International Boulevard, Seattle, WA 98158","Completed","29562","29953","391","4","$273.60","$0.00","- $13.68","$0.00","$0.00","$0.00","$0.00","$0.00","$0.00","$0.00","$0.00","$0.00","$27.00","$0.00","$58.50","$0.00","$0.00","$0.00","$0.00","$0.00","$0.00","$0.00","$0.00","$0.00","$0.00","$0.00","$0.00","$0.00","$0.00","$0.00","$0.00","$345.42"
"56557439","Jimmya C.","#7 CX-30 (WA #CVU0759)","Mazda CX-30 2026","3587146","3MVDMBAL4TM116716","2026-04-27 03:00 PM","2026-04-30 03:00 PM","707 South Grady Way, Renton, WA 98057","707 South Grady Way, Renton, WA 98057","Completed","4509","4743","234","3","$109.65","$0.00","- $5.48","$0.00","$0.00","$0.00","$0.00","$0.00","$0.00","$0.00","$0.00","$0.00","$0.00","$0.00","$0.00","$0.00","$0.00","$0.00","$0.00","$0.00","$0.00","$0.00","$0.00","$0.00","$0.00","$0.00","$0.00","$0.00","$0.00","$0.00","$0.00","$104.17"
"56563133","Kelley F.","# 9 Outback CGS9019 (WA #CGS9019)","Subaru Outback 2023","3168172","4S4BTACC4P3208642","2026-05-28 08:30 AM","2026-06-01 08:30 PM","17801 International Boulevard, Seattle, WA 98158","17801 International Boulevard, Seattle, WA 98158","Completed","64592","","","5","$327.00","$0.00","- $16.35","$0.00","$0.00","$0.00","$0.00","$0.00","$0.00","- $31.06","$0.00","$0.00","$27.00","$0.00","$0.00","$0.00","$0.00","$0.00","$0.00","$0.00","$0.00","$7.70","$0.00","$0.00","$0.00","$0.00","$0.00","$0.00","$0.00","$0.00","$0.00","$314.29"
"56563892","Ambrosia O.","#3 CR-V CSJ1646 (WA #CSJ1646)","Honda CR-V 2025","3148718","2HKRS4H21SH443987","2026-04-29 09:00 AM","2026-05-04 12:00 PM","17801 International Boulevard, Seattle, WA 98158","17801 International Boulevard, Seattle, WA 98158","Completed","26168","26591","423","6","$271.80","$0.00","- $13.59","$0.00","$0.00","$0.00","$0.00","$0.00","$0.00","$0.00","$0.00","$0.00","$27.00","$0.00","$0.00","$0.00","$0.00","$0.00","$0.00","$0.00","$0.00","$0.00","$0.00","$0.00","$0.00","$0.00","$0.00","$0.00","$0.00","$0.00","$0.00","$285.21"
"56565794","Ryan G.","#14 Outlander D82070J (WA #D82070J)","Mitsubishi Outlander 2024","3575991","JA4J4VA8XRZ071185","2026-07-24 07:30 PM","2026-07-28 07:30 AM","17801 International Boulevard, Seattle, WA 98158","17801 International Boulevard, Seattle, WA 98158","Booked","","","","4","$382.00","$0.00","- $19.10","$0.00","$0.00","$0.00","$0.00","$0.00","$0.00","- $36.29","$0.00","$0.00","$27.00","$0.00","$0.00","$0.00","$0.00","$0.00","$0.00","$0.00","$0.00","$0.00","$0.00","$0.00","$0.00","$0.00","$0.00","$0.00","$0.00","$0.00","$0.00","$353.61"
"56572755","Mincong S.","#6 CX-50 CTL3409 (WA #CTL3409)","Mazda CX-50 2025","3194251","7MMVABAM2SN362658","2026-04-27 08:30 AM","2026-05-01 09:00 PM","17801 International Boulevard, Seattle, WA 98158","17801 International Boulevard, Seattle, WA 98158","Completed","24938","25346","408","5","$207.40","$0.00","- $10.37","$0.00","$0.00","$0.00","$0.00","$0.00","$0.00","$0.00","$0.00","$0.00","$27.00","$0.00","$0.00","$0.00","$0.00","$0.00","$0.00","$0.00","$0.00","$5.75","$0.00","$0.00","$0.00","$0.00","$0.00","$0.00","$0.00","$0.00","$0.00","$229.78"
"56593162","William R.","#11 Outback CMV2996 (WA #CMV2996)","Subaru Outback 2024","3092194","4S4BTACC7R3286674","2026-05-04 07:00 PM","2026-05-09 03:30 PM","17801 International Boulevard, Seattle, WA 98158","17801 International Boulevard, Seattle, WA 98158","Completed","34650","35649","999","5","$211.50","$0.00","- $10.58","$0.00","$0.00","$0.00","$0.00","$0.00","$0.00","- $20.09","$0.00","$0.00","$27.00","$0.00","$0.00","$0.00","$0.00","$0.00","$0.00","$0.00","$0.00","$4.50","$0.00","$0.00","$0.00","$0.00","$0.00","$50.23","$0.00","$0.00","$0.00","$262.56"
"56599537","Ashley G.","#8 Ascent CMW9721 (WA #CMW9721)","Subaru Ascent 2024","3344650","4S4WMAND8R3441754","2026-05-22 12:00 PM","2026-05-24 10:00 AM","707 South Grady Way, Renton, WA 98057","707 South Grady Way, Renton, WA 98057","Completed","92334","","","2","$179.55","$0.00","$0.00","$0.00","$0.00","$0.00","$0.00","$0.00","$0.00","- $17.96","$0.00","$0.00","$0.00","$0.00","$0.00","$0.00","$0.00","$0.00","$0.00","$0.00","$0.00","$4.90","$0.00","$0.00","$0.00","$0.00","$0.00","$0.00","$0.00","$0.00","$0.00","$166.49"
"56601966","Shannon T.","#12 Ford Bronco Sport SWA7154 (WA #CWA7154)","Ford Bronco Sport 2025","3549192","3FMCR9BN7SRF76361","2026-05-27 02:30 PM","2026-06-03 10:30 AM","17801 International Boulevard, Seattle, WA 98158","17801 International Boulevard, Seattle, WA 98158","Completed","9161","","","7","$471.00","$0.00","$0.00","- $94.20","$0.00","$0.00","$0.00","$0.00","$0.00","$0.00","$0.00","$0.00","$27.00","$0.00","$27.00","$0.00","$0.00","$0.00","$0.00","$0.00","$0.00","$6.90","$0.00","$0.00","$0.00","$0.00","$0.00","$0.00","$0.00","$0.00","$0.00","$437.70"
"56603081","Jen S.","#1 Bronco Sport CSD5744 (WA #CSD5744)","Ford Bronco Sport 2024","3090505","3FMCR9B67RRF51219","2026-06-08 12:30 PM","2026-06-14 04:30 PM","17801 International Boulevard, Seattle, WA 98158","17801 International Boulevard, Seattle, WA 98158","Completed","32114","32729","615","7","$608.00","$0.00","$0.00","- $91.20","$0.00","$0.00","$0.00","$0.00","$0.00","- $51.68","$0.00","$0.00","$27.00","$0.00","$0.00","$0.00","$0.00","$0.00","$0.00","$0.00","$0.00","$0.00","$0.00","$0.00","$0.00","$0.00","$0.00","$30.98","$0.00","$0.00","$0.00","$523.10"
"56611521","Abby H.","#5 CX-30 CPR8911 (WA #CPR8911)","Mazda CX-30 2025","3090357","3MVDMBBM1SM805876","2026-05-20 10:30 PM","2026-05-24 09:00 PM","17801 International Boulevard, Seattle, WA 98158","17801 International Boulevard, Seattle, WA 98158","Completed","34052","34405","353","4","$208.05","$0.00","- $10.40","$0.00","$0.00","$0.00","$0.00","$0.00","$0.00","$0.00","$0.00","$0.00","$27.00","$0.00","$0.00","$0.00","$0.00","$0.00","$0.00","$0.00","$0.00","$0.00","$0.00","$0.00","$0.00","$0.00","$0.00","$0.00","$0.00","$0.00","$0.00","$224.65"
"56623468","Hanley B.","#11 Outback CMV2996 (WA #CMV2996)","Subaru Outback 2024","3092194","4S4BTACC7R3286674","2026-08-01 11:30 AM","2026-08-07 08:30 AM","17801 International Boulevard, Seattle, WA 98158","17801 International Boulevard, Seattle, WA 98158","Booked","","","","6","$533.00","$0.00","- $26.65","$0.00","$0.00","$0.00","$0.00","$0.00","$0.00","$0.00","$0.00","$0.00","$27.00","$0.00","$0.00","$0.00","$0.00","$0.00","$0.00","$0.00","$0.00","$0.00","$0.00","$0.00","$0.00","$0.00","$0.00","$0.00","$0.00","$0.00","$0.00","$533.35"
"56628357","Bill W.","#7 CX-30 (WA #CVU0759)","Mazda CX-30 2026","3587146","3MVDMBAL4TM116716","2026-06-05 03:00 PM","2026-06-13 09:00 AM","17801 International Boulevard, Seattle, WA 98158","17801 International Boulevard, Seattle, WA 98158","Completed","","","","8","$585.00","$0.00","$0.00","- $87.75","$0.00","$0.00","$0.00","$0.00","$0.00","- $49.72","$0.00","$0.00","$27.00","$0.00","$0.00","$0.00","$0.00","$0.00","$0.00","$0.00","$0.00","$6.05","$0.00","$0.00","$0.00","$0.00","$0.00","$0.00","$0.00","$0.00","$0.00","$480.58"
"56637581","Kelly G.","#8 Ascent CMW9721 (WA #CMW9721)","Subaru Ascent 2024","3344650","4S4WMAND8R3441754","2026-05-17 08:30 AM","2026-05-18 04:00 PM","17801 International Boulevard, Seattle, WA 98158","17801 International Boulevard, Seattle, WA 98158","Completed","47617","42534","0","2","$114.95","$0.00","$0.00","$0.00","$0.00","$0.00","$0.00","$0.00","$0.00","- $11.50","$0.00","$0.00","$27.00","$0.00","$54.00","$0.00","$0.00","$0.00","$0.00","$0.00","$0.00","$2.75","$0.00","$0.00","$0.00","$0.00","$0.00","$0.00","$0.00","$0.00","$0.00","$187.20"
"56647237","Tumos C.","#13 CR-V CWF7613 (WA #CWF7613)","Honda CR-V 2025","3567962","2HKRS4H27SH405308","2026-06-04 02:30 PM","2026-06-08 06:00 PM","17801 International Boulevard, Seattle, WA 98158","17801 International Boulevard, Seattle, WA 98158","Completed","14918","15572","654","5","$378.00","$0.00","- $18.90","$0.00","$0.00","$0.00","$0.00","$0.00","$0.00","- $35.91","$0.00","$0.00","$27.00","$0.00","$0.00","$0.00","$0.00","$0.00","$0.00","$0.00","$0.00","$4.50","$0.00","$0.00","$0.00","$0.00","$0.00","$0.00","$0.00","$0.00","$0.00","$354.69"
"56649350","Ricardo L.","#12 Ford Bronco Sport SWA7154 (WA #CWA7154)","Ford Bronco Sport 2025","3549192","3FMCR9BN7SRF76361","2026-07-27 10:30 AM","2026-08-01 07:00 AM","17801 International Boulevard, Seattle, WA 98158","17801 International Boulevard, Seattle, WA 98158","Booked","","","","5","$491.00","$0.00","- $24.55","$0.00","$0.00","$0.00","$0.00","$0.00","$0.00","$0.00","$0.00","$0.00","$27.00","$0.00","$0.00","$0.00","$0.00","$0.00","$0.00","$0.00","$0.00","$0.00","$0.00","$0.00","$0.00","$0.00","$0.00","$0.00","$0.00","$0.00","$0.00","$493.45"
"56650969","Justin D.","#12 Ford Bronco Sport SWA7154 (WA #CWA7154)","Ford Bronco Sport 2025","3549192","3FMCR9BN7SRF76361","2026-05-10 10:00 PM","2026-05-15 09:00 PM","17801 International Boulevard, Seattle, WA 98158","17801 International Boulevard, Seattle, WA 98158","Completed","7946","8357","411","5","$235.80","$0.00","- $11.79","$0.00","$0.00","$0.00","$0.00","$0.00","$0.00","- $22.40","$0.00","$0.00","$27.00","$0.00","$0.00","$0.00","$0.00","$0.00","$0.00","$0.00","$0.00","$0.00","$0.00","$0.00","$0.00","$0.00","$0.00","$0.00","$0.00","$0.00","$0.00","$228.61"
"56653233","Dale B.","#3 CR-V CSJ1646 (WA #CSJ1646)","Honda CR-V 2025","3148718","2HKRS4H21SH443987","2026-06-19 07:00 AM","2026-06-24 11:00 AM","17801 International Boulevard, Seattle, WA 98158","17801 International Boulevard, Seattle, WA 98158","Completed","29672","30143","471","6","$525.00","$0.00","- $26.25","$0.00","$0.00","$0.00","$0.00","$0.00","$0.00","- $49.88","$0.00","$0.00","$27.00","$0.00","$0.00","$0.00","$0.00","$0.00","$0.00","$0.00","$0.00","$0.00","$0.00","$0.00","$0.00","$0.00","$0.00","$0.00","$0.00","$0.00","$0.00","$475.87"
"56655733","Erick C.","#7 CX-30 (WA #CVU0759)","Mazda CX-30 2026","3587146","3MVDMBAL4TM116716","2026-05-11 10:00 AM","2026-05-14 03:30 PM","17801 International Boulevard, Seattle, WA 98158","17801 International Boulevard, Seattle, WA 98158","Completed","5639","5738","99","4","$165.60","$0.00","- $8.28","$0.00","$0.00","$0.00","$0.00","$0.00","$0.00","$0.00","$0.00","$0.00","$27.00","$0.00","$0.00","$0.00","$0.00","$0.00","$0.00","$0.00","$0.00","$6.30","$0.00","$0.00","$0.00","$0.00","$0.00","$0.00","$0.00","$0.00","$0.00","$190.62"
"56656507","Ser Luke T.","#10 Outback CHW4262 (WA #CHW4262)","Subaru Outback 2023","3374613","4S4BTACC8P3213469","2026-05-23 10:30 AM","2026-05-30 10:30 AM","17801 International Boulevard, Seattle, WA 98158","17801 International Boulevard, Seattle, WA 98158","Completed","76433","77131","698","7","$414.20","$0.00","$0.00","- $62.13","$0.00","$0.00","$0.00","$0.00","$0.00","- $35.21","$0.00","$0.00","$27.00","$0.00","$0.00","$0.00","$0.00","$0.00","$0.00","$0.00","$0.00","$4.50","$0.00","$0.00","$0.00","$0.00","$0.00","$0.00","$0.00","$0.00","$0.00","$348.36"
"56669753","Divine V.","#13 CR-V CWF7613 (WA #CWF7613)","Honda CR-V 2025","3567962","2HKRS4H27SH405308","2026-05-01 08:30 PM","2026-05-04 01:00 PM","17801 International Boulevard, Seattle, WA 98158","17801 International Boulevard, Seattle, WA 98158","Completed","12878","13165","287","3","$144.00","$0.00","- $7.20","$0.00","$0.00","$0.00","$0.00","$0.00","$0.00","$0.00","$0.00","$0.00","$27.00","$0.00","$0.00","$0.00","$0.00","$0.00","$0.00","$0.00","$0.00","$4.90","$0.00","$0.00","$0.00","$0.00","$0.00","$0.00","$0.00","$0.00","$0.00","$168.70"
"56688235","Daniel W.","#3 CR-V CSJ1646 (WA #CSJ1646)","Honda CR-V 2025","3148718","2HKRS4H21SH443987","2026-08-17 02:00 PM","2026-08-21 02:00 PM","17801 International Boulevard, Seattle, WA 98158","17801 International Boulevard, Seattle, WA 98158","Booked","","","","4","$286.00","$0.00","- $14.30","$0.00","$0.00","$0.00","$0.00","$0.00","$0.00","- $27.17","$0.00","$0.00","$27.00","$0.00","$0.00","$0.00","$0.00","$0.00","$0.00","$0.00","$0.00","$0.00","$0.00","$0.00","$0.00","$0.00","$0.00","$0.00","$0.00","$0.00","$0.00","$271.53"
"56693654","Mary F.","#3 CR-V CSJ1646 (WA #CSJ1646)","Honda CR-V 2025","3148718","2HKRS4H21SH443987","2026-06-04 11:30 AM","2026-06-08 06:30 AM","17801 International Boulevard, Seattle, WA 98158","17801 International Boulevard, Seattle, WA 98158","Completed","27906","28597","691","4","$296.00","$0.00","- $14.80","$0.00","$0.00","$0.00","$0.00","$0.00","$0.00","- $28.12","$0.00","$0.00","$27.00","$0.00","$0.00","$0.00","$0.00","$0.00","$0.00","$0.00","$0.00","$0.00","$0.00","$0.00","$0.00","$0.00","$0.00","$0.00","$0.00","$0.00","$0.00","$280.08"
"56699656","Amber K.","#5 CX-30 CPR8911 (WA #CPR8911)","Mazda CX-30 2025","3090357","3MVDMBBM1SM805876","2026-06-05 02:30 PM","2026-06-09 04:00 AM","17801 International Boulevard, Seattle, WA 98158","17801 International Boulevard, Seattle, WA 98158","Completed","34923","35073","150","4","$264.00","$0.00","- $13.20","$0.00","$0.00","$0.00","$0.00","$0.00","$0.00","- $25.08","$0.00","$0.00","$27.00","$0.00","$0.00","$0.00","$0.00","$0.00","$0.00","$0.00","$0.00","$0.00","$0.00","$0.00","$0.00","$0.00","$0.00","$0.00","$0.00","$0.00","$0.00","$252.72"
"56721351","Christine B.","#5 CX-30 CPR8911 (WA #CPR8911)","Mazda CX-30 2025","3090357","3MVDMBBM1SM805876","2026-08-29 10:00 AM","2026-09-08 07:00 AM","17801 International Boulevard, Seattle, WA 98158","17801 International Boulevard, Seattle, WA 98158","Booked","","","","10","$599.00","$0.00","$0.00","- $89.85","$0.00","$0.00","$0.00","$0.00","$0.00","- $50.92","$0.00","$0.00","$27.00","$0.00","$0.00","$0.00","$0.00","$0.00","$0.00","$0.00","$0.00","$0.00","$0.00","$0.00","$0.00","$0.00","$0.00","$0.00","$0.00","$0.00","$0.00","$485.23"
"56723302","Adrianne C.","#7 CX-30 (WA #CVU0759)","Mazda CX-30 2026","3587146","3MVDMBAL4TM116716","2026-05-22 11:00 AM","2026-05-26 10:00 AM","17801 International Boulevard, Seattle, WA 98158","17801 International Boulevard, Seattle, WA 98158","Completed","6439","7200","761","4","$248.90","$0.00","- $12.44","$0.00","$0.00","$0.00","$0.00","$0.00","$0.00","- $23.65","$0.00","$0.00","$27.00","$0.00","$0.00","$0.00","$0.00","$0.00","$0.00","$0.00","$0.00","$0.00","$0.00","$0.00","$0.00","$0.00","$0.00","$0.00","$0.00","$0.00","$0.00","$239.81"
"56724860","Peter G.","#11 Outback CMV2996 (WA #CMV2996)","Subaru Outback 2024","3092194","4S4BTACC7R3286674","2026-07-23 10:00 AM","2026-07-28 03:00 PM","17801 International Boulevard, Seattle, WA 98158","17801 International Boulevard, Seattle, WA 98158","Booked","","","","6","$502.00","$0.00","- $25.10","$0.00","$0.00","$0.00","$0.00","$0.00","$0.00","$0.00","$0.00","$0.00","$27.00","$0.00","$0.00","$0.00","$0.00","$0.00","$0.00","$0.00","$0.00","$0.00","$0.00","$0.00","$0.00","$0.00","$0.00","$0.00","$0.00","$0.00","$0.00","$503.90"
"56745741","Jon T.","#2 Bronco Sport CTD5399 (WA #CTD5399)","Ford Bronco Sport 2025","3144760","3FMCR9BN3SRE66889","2026-05-14 12:00 PM","2026-05-17 07:30 AM","17801 International Boulevard, Seattle, WA 98158","17801 International Boulevard, Seattle, WA 98158","Completed","29372","29486","114","3","$167.40","$0.00","- $8.37","$0.00","$0.00","$0.00","$0.00","$0.00","$0.00","- $15.90","$0.00","$0.00","$27.00","$0.00","$0.00","$0.00","$0.00","$0.00","$0.00","$0.00","$0.00","$0.00","$0.00","$0.00","$0.00","$0.00","$0.00","$0.00","$0.00","$0.00","$0.00","$170.13"
"56748439","Mathew T.","#13 CR-V CWF7613 (WA #CWF7613)","Honda CR-V 2025","3567962","2HKRS4H27SH405308","2026-05-07 10:00 PM","2026-05-11 05:00 AM","17801 International Boulevard, Seattle, WA 98158","17801 International Boulevard, Seattle, WA 98158","Completed","13166","13825","659","4","$178.20","$0.00","- $8.91","$0.00","$0.00","$0.00","$0.00","$0.00","$0.00","$0.00","$0.00","$0.00","$27.00","$0.00","$0.00","$0.00","$0.00","$0.00","$0.00","$0.00","$0.00","$4.50","$0.00","$0.00","$0.00","$0.00","$0.00","$38.93","$0.00","$0.00","$0.00","$239.72"
"56753219","Himagiri sai kaushik M.","#12 Ford Bronco Sport SWA7154 (WA #CWA7154)","Ford Bronco Sport 2025","3549192","3FMCR9BN7SRF76361","2026-05-07 10:00 AM","2026-05-10 10:00 AM","707 South Grady Way, Renton, WA 98057","707 South Grady Way, Renton, WA 98057","Guest cancellation","","","","3","$0.00","$0.00","$0.00","$0.00","$0.00","$0.00","$0.00","$0.00","$0.00","$0.00","$0.00","$0.00","$0.00","$0.00","$0.00","$0.00","$0.00","$0.00","$0.00","$0.00","$0.00","$0.00","$0.00","$0.00","$0.00","$0.00","$0.00","$0.00","$0.00","$0.00","$0.00","$0.00"
"56762717","Logan C.","#5 CX-30 CPR8911 (WA #CPR8911)","Mazda CX-30 2025","3090357","3MVDMBBM1SM805876","2026-05-14 11:00 AM","2026-05-18 01:30 PM","17801 International Boulevard, Seattle, WA 98158","17801 International Boulevard, Seattle, WA 98158","Completed","33326","34046","720","5","$219.60","$0.00","- $10.98","$0.00","$0.00","$0.00","$0.00","$0.00","$0.00","- $20.86","$0.00","$0.00","$27.00","$0.00","$0.00","$0.00","$0.00","$0.00","$0.00","$0.00","$0.00","$0.00","$0.00","$0.00","$0.00","$0.00","$0.00","$0.00","$0.00","$0.00","$0.00","$214.76"
"56791900","Shoulong Z.","#11 Outback CMV2996 (WA #CMV2996)","Subaru Outback 2024","3092194","4S4BTACC7R3286674","2026-05-30 01:30 PM","2026-06-06 10:30 AM","17801 International Boulevard, Seattle, WA 98158","17801 International Boulevard, Seattle, WA 98158","Completed","","36639","","7","$469.00","$0.00","$0.00","- $70.35","$0.00","$0.00","$0.00","$0.00","$0.00","$0.00","$0.00","$0.00","$27.00","$0.00","$72.00","$0.00","$0.00","$0.00","$0.00","$0.00","$0.00","$3.80","$0.00","$0.00","$0.00","$0.00","$0.00","$84.76","$0.00","$0.00","$0.00","$586.21"
"56797968","Krista V.","#14 Outlander D82070J (WA #D82070J)","Mitsubishi Outlander 2024","3575991","JA4J4VA8XRZ071185","2026-06-07 06:00 PM","2026-06-13 06:30 AM","17801 International Boulevard, Seattle, WA 98158","17801 International Boulevard, Seattle, WA 98158","Completed","63696","64349","653","6","$418.00","$0.00","- $20.90","$0.00","$0.00","$0.00","$0.00","$0.00","$0.00","- $39.71","$0.00","$0.00","$27.00","$0.00","$0.00","$0.00","$0.00","$0.00","$50.00","$0.00","$0.00","$7.60","$0.00","$0.00","$0.00","$0.00","$0.00","$0.00","$0.00","$0.00","$0.00","$441.99"
"56798833","Kiersten H.","#6 CX-50 CTL3409 (WA #CTL3409)","Mazda CX-50 2025","3194251","7MMVABAM2SN362658","2026-07-23 08:00 PM","2026-08-01 11:00 AM","17801 International Boulevard, Seattle, WA 98158","17801 International Boulevard, Seattle, WA 98158","Booked","","","","9","$818.00","$0.00","$0.00","- $122.70","$0.00","$0.00","$0.00","$0.00","$0.00","$0.00","$0.00","$0.00","$27.00","$0.00","$0.00","$0.00","$0.00","$0.00","$0.00","$0.00","$0.00","$0.00","$0.00","$0.00","$0.00","$0.00","$0.00","$0.00","$0.00","$0.00","$0.00","$722.30"
"56816465","Bryan Allen R.","#11 Outback CMV2996 (WA #CMV2996)","Subaru Outback 2024","3092194","4S4BTACC7R3286674","2026-05-15 11:00 AM","2026-05-18 11:00 AM","17801 International Boulevard, Seattle, WA 98158","17801 International Boulevard, Seattle, WA 98158","Completed","35655","36179","524","3","$156.60","$0.00","- $7.83","$0.00","$0.00","$0.00","$0.00","$0.00","$0.00","- $14.88","$0.00","$0.00","$27.00","$0.00","$0.00","$0.00","$0.00","$0.00","$0.00","$0.00","$0.00","$0.00","$0.00","$0.00","$0.00","$0.00","$0.00","$0.00","$0.00","$0.00","$0.00","$160.89"
"56827675","Jillian L.","#1 Bronco Sport CSD5744 (WA #CSD5744)","Ford Bronco Sport 2024","3090505","3FMCR9B67RRF51219","2026-07-29 10:00 AM","2026-08-02 01:00 PM","17801 International Boulevard, Seattle, WA 98158","17801 International Boulevard, Seattle, WA 98158","Booked","","","","5","$503.00","$0.00","- $25.15","$0.00","$0.00","$0.00","$0.00","$0.00","$0.00","$0.00","$0.00","$0.00","$27.00","$0.00","$31.50","$0.00","$0.00","$0.00","$0.00","$0.00","$0.00","$0.00","$0.00","$0.00","$0.00","$0.00","$0.00","$0.00","$0.00","$0.00","$0.00","$536.35"
"56834009","Marion H.","#13 CR-V CWF7613 (WA #CWF7613)","Honda CR-V 2025","3567962","2HKRS4H27SH405308","2026-05-11 02:30 PM","2026-05-15 07:30 AM","17801 International Boulevard, Seattle, WA 98158","17801 International Boulevard, Seattle, WA 98158","Completed","13825","14028","203","4","$159.30","$0.00","- $7.96","$0.00","$0.00","$0.00","$0.00","$0.00","$0.00","- $15.14","$0.00","$0.00","$27.00","$0.00","$0.00","$0.00","$0.00","$0.00","$0.00","$0.00","$0.00","$0.00","$0.00","$0.00","$0.00","$0.00","$0.00","$0.00","$0.00","$0.00","$0.00","$163.20"
"56835009","Jacob L.","#11 Outback CMV2996 (WA #CMV2996)","Subaru Outback 2024","3092194","4S4BTACC7R3286674","2026-07-17 08:00 AM","2026-07-19 03:00 AM","707 South Grady Way, Renton, WA 98057","707 South Grady Way, Renton, WA 98057","Booked","","","","2","$194.00","$0.00","$0.00","$0.00","$0.00","$0.00","$0.00","$0.00","$0.00","- $19.40","$0.00","$0.00","$0.00","$0.00","$0.00","$0.00","$0.00","$0.00","$0.00","$0.00","$0.00","$0.00","$0.00","$0.00","$0.00","$0.00","$0.00","$0.00","$0.00","$0.00","$0.00","$174.60"
"56836389","Daniel S.","#7 CX-30 (WA #CVU0759)","Mazda CX-30 2026","3587146","3MVDMBAL4TM116716","2026-05-06 11:30 AM","2026-05-10 12:00 PM","17801 International Boulevard, Seattle, WA 98158","17801 International Boulevard, Seattle, WA 98158","Completed","5101","5639","538","5","$200.60","$0.00","- $10.03","$0.00","$0.00","$0.00","$0.00","$0.00","$0.00","$0.00","$0.00","$0.00","$27.00","$0.00","$0.00","$0.00","$0.00","$0.00","$0.00","$0.00","$0.00","$0.00","$0.00","$0.00","$0.00","$0.00","$0.00","$0.00","$0.00","$0.00","$0.00","$217.57"
"56839857","Bladimir M.","#12 Ford Bronco Sport SWA7154 (WA #CWA7154)","Ford Bronco Sport 2025","3549192","3FMCR9BN7SRF76361","2026-05-20 08:00 AM","2026-05-24 12:00 PM","17801 International Boulevard, Seattle, WA 98158","17801 International Boulevard, Seattle, WA 98158","Completed","8361","9117","756","5","$320.15","$0.00","- $16.01","$0.00","$0.00","$0.00","$0.00","$0.00","$0.00","$0.00","$0.00","$0.00","$27.00","$0.00","$0.00","$0.00","$0.00","$0.00","$0.00","$0.00","$0.00","$1.55","$0.00","$0.00","$0.00","$0.00","$0.00","$0.00","$0.00","$0.00","$0.00","$332.69"
"56843438","Alex M.","#14 Outlander D82070J (WA #D82070J)","Mitsubishi Outlander 2024","3575991","JA4J4VA8XRZ071185","2026-06-20 10:00 AM","2026-06-25 08:00 AM","17801 International Boulevard, Seattle, WA 98158","17801 International Boulevard, Seattle, WA 98158","Completed","65478","65988","510","5","$489.00","$0.00","- $24.45","$0.00","$0.00","$0.00","$0.00","$0.00","$0.00","- $46.46","$0.00","$0.00","$27.00","$0.00","$0.00","$0.00","$0.00","$0.00","$0.00","$0.00","$0.00","$0.00","$0.00","$0.00","$0.00","$0.00","$0.00","$0.00","$0.00","$0.00","$0.00","$445.09"
"56843849","Erin B.","#1 Bronco Sport CSD5744 (WA #CSD5744)","Ford Bronco Sport 2024","3090505","3FMCR9B67RRF51219","2026-05-19 12:30 PM","2026-05-23 07:00 AM","17801 International Boulevard, Seattle, WA 98158","17801 International Boulevard, Seattle, WA 98158","Completed","30686","","","4","$232.75","$0.00","- $11.64","$0.00","$0.00","$0.00","$0.00","$0.00","$0.00","$0.00","$0.00","$0.00","$27.00","$0.00","$0.00","$0.00","$0.00","$0.00","$0.00","$0.00","$0.00","$4.90","$0.00","$0.00","$0.00","$0.00","$0.00","$0.00","$0.00","$0.00","$0.00","$253.01"
"56845685","David F.","#12 Ford Bronco Sport SWA7154 (WA #CWA7154)","Ford Bronco Sport 2025","3549192","3FMCR9BN7SRF76361","2026-06-25 08:00 AM","2026-06-30 10:00 AM","707 South Grady Way, Renton, WA 98057","707 South Grady Way, Renton, WA 98057","Completed","12687","13111","424","6","$612.00","$0.00","- $30.60","$0.00","$0.00","$0.00","$0.00","$0.00","$0.00","- $58.14","$0.00","$0.00","$0.00","$0.00","$0.00","$0.00","$0.00","$0.00","$0.00","$0.00","$0.00","$0.00","$0.00","$0.00","$0.00","$0.00","$0.00","$0.00","$0.00","$0.00","$0.00","$523.26"
"56847985","Jack B.","#11 Outback CMV2996 (WA #CMV2996)","Subaru Outback 2024","3092194","4S4BTACC7R3286674","2026-06-22 09:30 AM","2026-06-28 04:00 PM","17801 International Boulevard, Seattle, WA 98158","17801 International Boulevard, Seattle, WA 98158","Completed","38159","38671","512","7","$632.00","$0.00","$0.00","- $94.80","$0.00","$0.00","$0.00","$0.00","$0.00","- $53.72","$0.00","$0.00","$27.00","$0.00","$27.00","$0.00","$0.00","$0.00","$0.00","$0.00","$0.00","$0.00","$0.00","$0.00","$0.00","$0.00","$0.00","$0.00","$0.00","$0.00","$0.00","$537.48"
"56854233","Zihan W.","#10 Outback CHW4262 (WA #CHW4262)","Subaru Outback 2023","3374613","4S4BTACC8P3213469","2026-06-09 11:30 PM","2026-06-13 10:00 PM","17801 International Boulevard, Seattle, WA 98158","17801 International Boulevard, Seattle, WA 98158","Completed","77700","","","4","$339.00","$0.00","- $16.95","$0.00","$0.00","$0.00","$0.00","$0.00","$0.00","$0.00","$0.00","$0.00","$27.00","$0.00","$0.00","$0.00","$0.00","$0.00","$0.00","$0.00","$0.00","$0.00","$0.00","$0.00","$0.00","$0.00","$0.00","$0.00","$0.00","$0.00","$0.00","$349.05"
"56879585","JOEL O.","#8 Ascent CMW9721 (WA #CMW9721)","Subaru Ascent 2024","3344650","4S4WMAND8R3441754","2026-05-07 02:00 PM","2026-05-12 02:00 PM","707 South Grady Way, Renton, WA 98057","707 South Grady Way, Renton, WA 98057","Guest cancellation","","","","5","$0.00","$0.00","$0.00","$0.00","$0.00","$0.00","$0.00","$0.00","$0.00","$0.00","$0.00","$0.00","$0.00","$0.00","$0.00","$0.00","$0.00","$0.00","$0.00","$0.00","$0.00","$0.00","$0.00","$0.00","$0.00","$0.00","$0.00","$0.00","$0.00","$0.00","$0.00","$0.00"
"56887141","Omar A.","#11 Outback CMV2996 (WA #CMV2996)","Subaru Outback 2024","3092194","4S4BTACC7R3286674","2026-06-30 10:00 AM","2026-07-08 11:00 PM","17801 International Boulevard, Seattle, WA 98158","17801 International Boulevard, Seattle, WA 98158","In-progress","38732","","","9","$861.00","$0.00","$0.00","- $129.15","$0.00","$0.00","$0.00","$0.00","$0.00","- $73.18","$0.00","$0.00","$27.00","$0.00","$0.00","$0.00","$0.00","$0.00","$0.00","$0.00","$0.00","$0.00","$0.00","$0.00","$0.00","$0.00","$0.00","$0.00","$0.00","$0.00","$0.00","$685.67"
"56890504","Jeff C.","#7 CX-30 (WA #CVU0759)","Mazda CX-30 2026","3587146","3MVDMBAL4TM116716","2026-06-19 10:00 AM","2026-06-22 10:00 AM","707 South Grady Way, Renton, WA 98057","707 South Grady Way, Renton, WA 98057","Completed","9989","10566","577","3","$287.00","$0.00","- $14.35","$0.00","$0.00","$0.00","$0.00","$0.00","$0.00","$0.00","$0.00","$0.00","$0.00","$0.00","$0.00","$0.00","$0.00","$0.00","$0.00","$0.00","$0.00","$4.50","$0.00","$0.00","$0.00","$0.00","$0.00","$0.00","$0.00","$0.00","$0.00","$277.15"
"56900511","William F.","#12 Ford Bronco Sport SWA7154 (WA #CWA7154)","Ford Bronco Sport 2025","3549192","3FMCR9BN7SRF76361","2026-08-24 04:00 PM","2026-08-31 02:00 PM","707 South Grady Way, Renton, WA 98057","707 South Grady Way, Renton, WA 98057","Booked","","","","7","$586.00","$0.00","$0.00","- $117.20","$0.00","$0.00","$0.00","$0.00","$0.00","$0.00","$0.00","$0.00","$0.00","$0.00","$0.00","$0.00","$0.00","$0.00","$0.00","$0.00","$0.00","$0.00","$0.00","$0.00","$0.00","$0.00","$0.00","$0.00","$0.00","$0.00","$0.00","$468.80"
"56932855","Mandy F.","# 9 Outback CGS9019 (WA #CGS9019)","Subaru Outback 2023","3168172","4S4BTACC4P3208642","2026-07-29 08:30 AM","2026-08-04 08:30 AM","17801 International Boulevard, Seattle, WA 98158","17801 International Boulevard, Seattle, WA 98158","Booked","","","","6","$535.00","$0.00","- $26.75","$0.00","$0.00","$0.00","$0.00","$0.00","$0.00","- $50.82","$0.00","$0.00","$27.00","$0.00","$0.00","$0.00","$0.00","$0.00","$0.00","$0.00","$0.00","$0.00","$0.00","$0.00","$0.00","$0.00","$0.00","$0.00","$0.00","$0.00","$0.00","$484.43"
"56937800","William P.","#11 Outback CMV2996 (WA #CMV2996)","Subaru Outback 2024","3092194","4S4BTACC7R3286674","2026-09-13 04:00 PM","2026-09-18 10:00 AM","17801 International Boulevard, Seattle, WA 98158","17801 International Boulevard, Seattle, WA 98158","Booked","","","","5","$312.00","$0.00","- $15.60","$0.00","$0.00","$0.00","$0.00","$0.00","$0.00","- $29.64","$0.00","$0.00","$27.00","$0.00","$0.00","$0.00","$0.00","$0.00","$0.00","$0.00","$0.00","$0.00","$0.00","$0.00","$0.00","$0.00","$0.00","$0.00","$0.00","$0.00","$0.00","$293.76"
"56966225","Madhura C.","#2 Bronco Sport CTD5399 (WA #CTD5399)","Ford Bronco Sport 2025","3144760","3FMCR9BN3SRE66889","2026-05-07 05:00 PM","2026-05-09 05:00 PM","328 243rd Avenue Southeast, Sammamish, WA 98074","328 243rd Avenue Southeast, Sammamish, WA 98074","Completed","28685","29229","544","2","$98.60","$0.00","$0.00","$0.00","$0.00","$0.00","$0.00","$0.00","$0.00","$0.00","$0.00","$0.00","$108.00","$31.58","$0.00","$0.00","$0.00","$0.00","$0.00","$0.00","$0.00","$0.00","$0.00","$0.00","$0.00","$0.00","$0.00","$0.00","$0.00","$21.10","$0.00","$259.28"
"56977451","Allison-Rose D.","#7 CX-30 (WA #CVU0759)","Mazda CX-30 2026","3587146","3MVDMBAL4TM116716","2026-05-28 10:30 AM","2026-06-02 02:00 PM","17801 International Boulevard, Seattle, WA 98158","17801 International Boulevard, Seattle, WA 98158","Completed","7202","","","6","$314.45","$0.00","- $15.72","$0.00","$0.00","$0.00","$0.00","$0.00","$0.00","- $29.87","$0.00","$0.00","$27.00","$0.00","$0.00","$0.00","$0.00","$0.00","$0.00","$0.00","$0.00","$0.00","$0.00","$0.00","$0.00","$0.00","$0.00","$0.00","$0.00","$0.00","$0.00","$295.86"
"57000086","Gordon R.","#8 Ascent CMW9721 (WA #CMW9721)","Subaru Ascent 2024","3344650","4S4WMAND8R3441754","2026-08-05 09:00 AM","2026-08-11 09:00 PM","17801 International Boulevard, Seattle, WA 98158","17801 International Boulevard, Seattle, WA 98158","Booked","","","","7","$721.00","$0.00","$0.00","- $108.15","$0.00","$0.00","$0.00","$0.00","$0.00","$0.00","$0.00","$0.00","$27.00","$0.00","$0.00","$0.00","$0.00","$0.00","$0.00","$0.00","$0.00","$0.00","$0.00","$0.00","$0.00","$0.00","$0.00","$0.00","$0.00","$0.00","$0.00","$639.85"
"57038686","Jordaynelexi D.","#2 Bronco Sport CTD5399 (WA #CTD5399)","Ford Bronco Sport 2025","3144760","3FMCR9BN3SRE66889","2026-05-17 11:00 AM","2026-05-21 10:00 AM","17801 International Boulevard, Seattle, WA 98158","17801 International Boulevard, Seattle, WA 98158","Completed","29486","29555","69","4","$176.40","$0.00","- $8.82","$0.00","$0.00","$0.00","$0.00","$0.00","$0.00","- $16.76","$0.00","$0.00","$27.00","$0.00","$0.00","$0.00","$0.00","$0.00","$0.00","$0.00","$0.00","$1.25","$0.00","$0.00","$0.00","$0.00","$0.00","$39.93","$0.00","$0.00","$0.00","$219.00"
"57057699","Eranderi A.","#14 Outlander D82070J (WA #D82070J)","Mitsubishi Outlander 2024","3575991","JA4J4VA8XRZ071185","2026-05-12 07:00 PM","2026-05-16 09:00 AM","17801 International Boulevard, Seattle, WA 98158","17801 International Boulevard, Seattle, WA 98158","Completed","62535","62736","201","4","$189.00","$0.00","- $9.45","$0.00","$0.00","$0.00","$0.00","$0.00","$0.00","$0.00","$0.00","$0.00","$27.00","$0.00","$0.00","$0.00","$0.00","$0.00","$0.00","$0.00","$0.00","$0.00","$0.00","$0.00","$0.00","$0.00","$0.00","$0.00","$0.00","$0.00","$0.00","$206.55"
"57063289","Aaron G.","#2 Bronco Sport CTD5399 (WA #CTD5399)","Ford Bronco Sport 2025","3144760","3FMCR9BN3SRE66889","2026-05-10 08:30 AM","2026-05-12 06:00 AM","17801 International Boulevard, Seattle, WA 98158","17801 International Boulevard, Seattle, WA 98158","Completed","29254","29366","112","2","$92.65","$0.00","$0.00","$0.00","$0.00","$0.00","$0.00","$0.00","$0.00","$0.00","$0.00","$0.00","$27.00","$0.00","$0.00","$0.00","$0.00","$0.00","$0.00","$0.00","$0.00","$0.00","$0.00","$0.00","$0.00","$0.00","$0.00","$0.00","$0.00","$0.00","$0.00","$119.65"
"57066105","Jose V.","#7 CX-30 (WA #CVU0759)","Mazda CX-30 2026","3587146","3MVDMBAL4TM116716","2026-05-15 09:00 PM","2026-05-20 03:30 PM","17801 International Boulevard, Seattle, WA 98158","17801 International Boulevard, Seattle, WA 98158","Completed","5744","6439","695","5","$225.00","$0.00","- $11.25","$0.00","$0.00","$0.00","$0.00","$0.00","$0.00","- $21.38","$0.00","$0.00","$27.00","$0.00","$0.00","$0.00","$0.00","$0.00","$0.00","$0.00","$0.00","$1.80","$0.00","$0.00","$0.00","$0.00","$0.00","$0.00","$0.00","$0.00","$0.00","$221.17"
"57076708","Cynthia A.","# 9 Outback CGS9019 (WA #CGS9019)","Subaru Outback 2023","3168172","4S4BTACC4P3208642","2026-06-03 07:30 PM","2026-06-10 10:30 AM","17801 International Boulevard, Seattle, WA 98158","17801 International Boulevard, Seattle, WA 98158","Completed","64985","65413","428","7","$503.50","$0.00","- $18.67","$0.00","$0.00","$0.00","$0.00","$0.00","$0.00","- $48.49","$0.00","$0.00","$27.00","$0.00","$0.00","$0.00","$0.00","$0.00","$0.00","$0.00","$0.00","$40.80","$0.00","$0.00","$0.00","$0.00","$0.00","$0.00","$0.00","$0.00","$0.00","$504.14"
"57100896","Jastice C.","# 9 Outback CGS9019 (WA #CGS9019)","Subaru Outback 2023","3168172","4S4BTACC4P3208642","2026-07-08 07:00 AM","2026-07-13 05:00 PM","17801 International Boulevard, Seattle, WA 98158","17801 International Boulevard, Seattle, WA 98158","Booked","","","","6","$531.00","$0.00","- $26.55","$0.00","$0.00","$0.00","$0.00","$0.00","$0.00","- $50.44","$0.00","$0.00","$27.00","$0.00","$0.00","$0.00","$0.00","$0.00","$0.00","$0.00","$0.00","$0.00","$0.00","$0.00","$0.00","$0.00","$0.00","$0.00","$0.00","$0.00","$0.00","$481.01"
"57101613","Uday B.","# 9 Outback CGS9019 (WA #CGS9019)","Subaru Outback 2023","3168172","4S4BTACC4P3208642","2026-05-16 08:00 AM","2026-05-18 07:00 PM","707 South Grady Way, Renton, WA 98057","707 South Grady Way, Renton, WA 98057","Completed","63859","64168","309","3","$151.20","$0.00","- $7.56","$0.00","$0.00","$0.00","$0.00","$0.00","$0.00","- $14.36","$0.00","$0.00","$0.00","$0.00","$0.00","$0.00","$0.00","$0.00","$0.00","$0.00","$0.00","$0.00","$0.00","$0.00","$0.00","$0.00","$0.00","$0.00","$0.00","$0.00","$0.00","$129.28"
"57106635","Taylor R.","#2 Bronco Sport CTD5399 (WA #CTD5399)","Ford Bronco Sport 2025","3144760","3FMCR9BN3SRE66889","2026-07-30 12:30 AM","2026-08-12 04:30 AM","17801 International Boulevard, Seattle, WA 98158","17801 International Boulevard, Seattle, WA 98158","Booked","","","","14","$1,305.00","$0.00","$0.00","$0.00","- $261.00","$0.00","$0.00","$0.00","$0.00","- $104.40","$0.00","$0.00","$27.00","$0.00","$0.00","$0.00","$0.00","$0.00","$0.00","$0.00","$0.00","$0.00","$0.00","$0.00","$0.00","$0.00","$0.00","$0.00","$0.00","$0.00","$0.00","$966.60"
"57123875","Tianpei Z.","#5 CX-30 CPR8911 (WA #CPR8911)","Mazda CX-30 2025","3090357","3MVDMBBM1SM805876","2026-08-08 10:00 AM","2026-08-17 11:00 PM","17801 International Boulevard, Seattle, WA 98158","17801 International Boulevard, Seattle, WA 98158","Booked","","","","10","$792.00","$0.00","$0.00","- $118.80","$0.00","$0.00","$0.00","$0.00","$0.00","- $67.32","$0.00","$0.00","$27.00","$0.00","$0.00","$0.00","$0.00","$0.00","$0.00","$0.00","$0.00","$0.00","$0.00","$0.00","$0.00","$0.00","$0.00","$0.00","$0.00","$0.00","$0.00","$632.88"
"57135413","Andrew M.","#6 CX-50 CTL3409 (WA #CTL3409)","Mazda CX-50 2025","3194251","7MMVABAM2SN362658","2026-05-15 10:30 PM","2026-05-18 04:00 PM","17801 International Boulevard, Seattle, WA 98158","17801 International Boulevard, Seattle, WA 98158","Completed","25830","26065","235","3","$147.60","$0.00","- $7.38","$0.00","$0.00","$0.00","$0.00","$0.00","$0.00","- $14.02","$0.00","$0.00","$27.00","$0.00","$0.00","$0.00","$0.00","$0.00","$0.00","$0.00","$0.00","$2.95","$0.00","$0.00","$0.00","$0.00","$0.00","$72.80","$0.00","$0.00","$0.00","$228.95"
"57171699","Jo Ellen O.","#7 CX-30 (WA #CVU0759)","Mazda CX-30 2026","3587146","3MVDMBAL4TM116716","2026-08-20 02:30 PM","2026-09-02 06:00 PM","707 South Grady Way, Renton, WA 98057","707 South Grady Way, Renton, WA 98057","Booked","","","","14","$1,052.00","$0.00","$0.00","$0.00","- $210.40","$0.00","$0.00","$0.00","$0.00","$0.00","$0.00","$0.00","$0.00","$0.00","$0.00","$0.00","$0.00","$0.00","$0.00","$0.00","$0.00","$0.00","$0.00","$0.00","$0.00","$0.00","$0.00","$0.00","$0.00","$0.00","$0.00","$841.60"
"57222061","Haley T.","#12 Ford Bronco Sport SWA7154 (WA #CWA7154)","Ford Bronco Sport 2025","3549192","3FMCR9BN7SRF76361","2026-08-07 12:30 PM","2026-08-15 07:00 AM","17801 International Boulevard, Seattle, WA 98158","17801 International Boulevard, Seattle, WA 98158","Booked","","","","8","$741.00","$0.00","$0.00","- $148.20","$0.00","$0.00","$0.00","$0.00","$0.00","$0.00","$0.00","$0.00","$27.00","$0.00","$27.00","$0.00","$0.00","$0.00","$0.00","$0.00","$0.00","$0.00","$0.00","$0.00","$0.00","$0.00","$0.00","$0.00","$0.00","$0.00","$0.00","$646.80"
"57298854","Wyatt L.","#13 CR-V CWF7613 (WA #CWF7613)","Honda CR-V 2025","3567962","2HKRS4H27SH405308","2026-06-09 10:30 PM","2026-06-16 07:00 AM","17801 International Boulevard, Seattle, WA 98158","17801 International Boulevard, Seattle, WA 98158","Completed","15572","16275","703","7","$539.60","$0.00","$0.00","- $80.94","$0.00","$0.00","$0.00","$0.00","$0.00","- $45.87","$0.00","$0.00","$27.00","$0.00","$0.00","$0.00","$0.00","$0.00","$0.00","$0.00","$0.00","$0.00","$0.00","$0.00","$0.00","$0.00","$0.00","$0.00","$0.00","$0.00","$0.00","$439.79"
"57341775","Rebecca M.","#13 CR-V CWF7613 (WA #CWF7613)","Honda CR-V 2025","3567962","2HKRS4H27SH405308","2026-07-24 10:00 AM","2026-07-28 03:00 PM","17801 International Boulevard, Seattle, WA 98158","17801 International Boulevard, Seattle, WA 98158","Booked","","","","5","$490.00","$0.00","- $24.50","$0.00","$0.00","$0.00","$0.00","$0.00","$0.00","- $46.55","$0.00","$0.00","$27.00","$0.00","$0.00","$0.00","$0.00","$0.00","$0.00","$0.00","$0.00","$0.00","$0.00","$0.00","$0.00","$0.00","$0.00","$0.00","$0.00","$0.00","$0.00","$445.95"
"57350101","Emilio A.","#11 Outback CMV2996 (WA #CMV2996)","Subaru Outback 2024","3092194","4S4BTACC7R3286674","2026-05-22 04:00 PM","2026-05-25 11:30 AM","17801 International Boulevard, Seattle, WA 98158","17801 International Boulevard, Seattle, WA 98158","Guest cancellation","","","","3","$0.00","$0.00","$0.00","$0.00","$0.00","$0.00","$0.00","$0.00","$0.00","$0.00","$0.00","$0.00","$0.00","$0.00","$0.00","$208.60","$0.00","$0.00","$0.00","$0.00","$0.00","$0.00","$0.00","$0.00","$0.00","$0.00","$0.00","$0.00","$0.00","$0.00","$0.00","$208.60"
"57368250","Jose R.","#13 CR-V CWF7613 (WA #CWF7613)","Honda CR-V 2025","3567962","2HKRS4H27SH405308","2026-05-22 11:00 PM","2026-05-25 04:00 AM","17801 International Boulevard, Seattle, WA 98158","17801 International Boulevard, Seattle, WA 98158","Completed","14048","14239","191","3","$180.00","$0.00","- $9.00","$0.00","$0.00","$0.00","$0.00","$0.00","$0.00","- $17.10","$0.00","$0.00","$27.00","$0.00","$0.00","$0.00","$0.00","$0.00","$0.00","$0.00","$0.00","$0.00","$0.00","$0.00","$0.00","$0.00","$0.00","$0.00","$0.00","$0.00","$0.00","$180.90"
"57409572","Richard T.","#2 Bronco Sport CTD5399 (WA #CTD5399)","Ford Bronco Sport 2025","3144760","3FMCR9BN3SRE66889","2026-05-26 04:00 PM","2026-05-31 09:00 AM","17801 International Boulevard, Seattle, WA 98158","17801 International Boulevard, Seattle, WA 98158","Completed","29953","30668","715","5","$275.40","$0.00","- $13.77","$0.00","$0.00","$0.00","$0.00","$0.00","$0.00","- $26.16","$0.00","$0.00","$27.00","$0.00","$0.00","$0.00","$0.00","$0.00","$0.00","$0.00","$0.00","$6.20","$0.00","$0.00","$0.00","$0.00","$0.00","$0.00","$0.00","$0.00","$0.00","$268.67"
"57444219","Richard P.","#6 CX-50 CTL3409 (WA #CTL3409)","Mazda CX-50 2025","3194251","7MMVABAM2SN362658","2026-08-03 09:30 AM","2026-08-05 01:30 PM","17801 International Boulevard, Seattle, WA 98158","17801 International Boulevard, Seattle, WA 98158","Guest cancellation","","","","3","$0.00","$0.00","$0.00","$0.00","$0.00","$0.00","$0.00","$0.00","$0.00","$0.00","$0.00","$0.00","$0.00","$0.00","$0.00","$0.00","$0.00","$0.00","$0.00","$0.00","$0.00","$0.00","$0.00","$0.00","$0.00","$0.00","$0.00","$0.00","$0.00","$0.00","$0.00","$0.00"
"57446147","Nicci-Linn F.","#6 CX-50 CTL3409 (WA #CTL3409)","Mazda CX-50 2025","3194251","7MMVABAM2SN362658","2026-05-22 08:30 AM","2026-05-24 07:00 AM","17801 International Boulevard, Seattle, WA 98158","17801 International Boulevard, Seattle, WA 98158","Completed","26072","26264","192","2","$114.75","$0.00","$0.00","$0.00","$0.00","$0.00","$0.00","$0.00","$0.00","$0.00","$0.00","$0.00","$27.00","$0.00","$0.00","$0.00","$0.00","$0.00","$0.00","$0.00","$0.00","$0.00","$0.00","$0.00","$0.00","$0.00","$0.00","$50.16","$0.00","$0.00","$0.00","$191.91"
"57484915","Nancy O.","#12 Ford Bronco Sport SWA7154 (WA #CWA7154)","Ford Bronco Sport 2025","3549192","3FMCR9BN7SRF76361","2026-07-05 02:30 PM","2026-07-11 04:00 PM","17801 International Boulevard, Seattle, WA 98158","17801 International Boulevard, Seattle, WA 98158","Booked","","","","7","$748.00","$0.00","$0.00","- $149.60","$0.00","$0.00","$0.00","$0.00","$0.00","- $59.84","$0.00","$0.00","$27.00","$0.00","$0.00","$0.00","$0.00","$0.00","$0.00","$0.00","$0.00","$0.00","$0.00","$0.00","$0.00","$0.00","$0.00","$0.00","$0.00","$0.00","$0.00","$565.56"
"57536614","Rachel D.","#6 CX-50 CTL3409 (WA #CTL3409)","Mazda CX-50 2025","3194251","7MMVABAM2SN362658","2026-07-17 09:00 AM","2026-07-21 07:00 AM","17801 International Boulevard, Seattle, WA 98158","17801 International Boulevard, Seattle, WA 98158","Booked","","","","4","$378.00","$0.00","- $18.90","$0.00","$0.00","$0.00","$0.00","$0.00","$0.00","- $35.91","$0.00","$0.00","$27.00","$0.00","$0.00","$0.00","$0.00","$0.00","$0.00","$0.00","$0.00","$0.00","$0.00","$0.00","$0.00","$0.00","$0.00","$0.00","$0.00","$0.00","$0.00","$350.19"
"57612662","Elaine G.","#2 Bronco Sport CTD5399 (WA #CTD5399)","Ford Bronco Sport 2025","3144760","3FMCR9BN3SRE66889","2026-06-27 08:30 AM","2026-06-29 03:30 PM","17801 International Boulevard, Seattle, WA 98158","17801 International Boulevard, Seattle, WA 98158","Completed","33256","33812","556","3","$331.00","$0.00","- $16.55","$0.00","$0.00","$0.00","$0.00","$0.00","$0.00","$0.00","$0.00","$0.00","$27.00","$0.00","$0.00","$0.00","$0.00","$0.00","$0.00","$0.00","$0.00","$0.00","$0.00","$0.00","$0.00","$0.00","$0.00","$0.00","$0.00","$0.00","$0.00","$341.45"
"57637480","Nathaniel M.","#6 CX-50 CTL3409 (WA #CTL3409)","Mazda CX-50 2025","3194251","7MMVABAM2SN362658","2026-06-27 08:00 PM","2026-07-05 05:00 AM","707 South Grady Way, Renton, WA 98057","707 South Grady Way, Renton, WA 98057","Guest cancellation","","","","8","$0.00","$0.00","$0.00","$0.00","$0.00","$0.00","$0.00","$0.00","$0.00","$0.00","$0.00","$0.00","$0.00","$0.00","$0.00","$0.00","$0.00","$0.00","$0.00","$0.00","$0.00","$0.00","$0.00","$0.00","$0.00","$0.00","$0.00","$0.00","$0.00","$0.00","$0.00","$0.00"
"57680076","Theresa W.","#13 CR-V CWF7613 (WA #CWF7613)","Honda CR-V 2025","3567962","2HKRS4H27SH405308","2026-07-31 04:00 PM","2026-08-09 04:00 AM","17801 International Boulevard, Seattle, WA 98158","17801 International Boulevard, Seattle, WA 98158","Booked","","","","9","$830.00","$0.00","$0.00","- $124.50","$0.00","$0.00","$0.00","$0.00","$0.00","$0.00","$0.00","$0.00","$27.00","$0.00","$0.00","$0.00","$0.00","$0.00","$0.00","$0.00","$0.00","$0.00","$0.00","$0.00","$0.00","$0.00","$0.00","$0.00","$0.00","$0.00","$0.00","$732.50"
"57683991","Kirby H.","#4 CX-30 CPR8256 (WA #CPR8256)","Mazda CX-30 2025","3089013","3MVDMBBM1SM798816","2026-06-05 05:30 AM","2026-06-09 01:30 PM","17801 International Boulevard, Seattle, WA 98158","17801 International Boulevard, Seattle, WA 98158","Guest cancellation","","","","5","$0.00","$0.00","$0.00","$0.00","$0.00","$0.00","$0.00","$0.00","$0.00","$0.00","$0.00","$0.00","$0.00","$0.00","$0.00","$0.00","$0.00","$0.00","$0.00","$0.00","$0.00","$0.00","$0.00","$0.00","$0.00","$0.00","$0.00","$0.00","$0.00","$0.00","$0.00","$0.00"
"57719789","Bruce I.","#4 CX-30 CPR8256 (WA #CPR8256)","Mazda CX-30 2025","3089013","3MVDMBBM1SM798816","2026-05-28 04:30 PM","2026-05-31 09:30 AM","17801 International Boulevard, Seattle, WA 98158","17801 International Boulevard, Seattle, WA 98158","Completed","33306","33528","222","3","$151.30","$15.13","- $8.32","$0.00","$0.00","$0.00","$0.00","$0.00","$0.00","$0.00","$0.00","$0.00","$27.00","$0.00","$0.00","$0.00","$0.00","$0.00","$0.00","$0.00","$0.00","$0.00","$0.00","$0.00","$0.00","$0.00","$0.00","$0.00","$0.00","- $185.11","$0.00","$0.00"
"57728058","Melissa B.","#2 Bronco Sport CTD5399 (WA #CTD5399)","Ford Bronco Sport 2025","3144760","3FMCR9BN3SRE66889","2026-07-18 09:00 AM","2026-07-21 03:00 PM","17801 International Boulevard, Seattle, WA 98158","17801 International Boulevard, Seattle, WA 98158","Booked","","","","4","$390.00","$0.00","- $19.50","$0.00","$0.00","$0.00","$0.00","$0.00","$0.00","- $37.05","$0.00","$0.00","$27.00","$0.00","$31.50","$0.00","$0.00","$0.00","$0.00","$0.00","$0.00","$0.00","$0.00","$0.00","$0.00","$0.00","$0.00","$0.00","$0.00","$0.00","$0.00","$391.95"
"57732073","Queenlydia P.","#4 CX-30 CPR8256 (WA #CPR8256)","Mazda CX-30 2025","3089013","3MVDMBBM1SM798816","2026-06-11 02:00 PM","2026-06-14 02:30 AM","17801 International Boulevard, Seattle, WA 98158","17801 International Boulevard, Seattle, WA 98158","Completed","33735","","","3","$232.20","$0.00","- $11.61","$0.00","$0.00","$0.00","$0.00","$0.00","$0.00","- $22.06","$0.00","$0.00","$27.00","$0.00","$0.00","$0.00","$0.00","$0.00","$0.00","$0.00","$0.00","$0.00","$0.00","$0.00","$0.00","$0.00","$0.00","$0.00","$0.00","$0.00","$0.00","$225.53"
"57739243","Nneka A.","#1 Bronco Sport CSD5744 (WA #CSD5744)","Ford Bronco Sport 2024","3090505","3FMCR9B67RRF51219","2026-08-11 10:00 AM","2026-08-18 10:00 AM","707 South Grady Way, Renton, WA 98057","707 South Grady Way, Renton, WA 98057","Guest cancellation","","","","7","$0.00","$0.00","$0.00","$0.00","$0.00","$0.00","$0.00","$0.00","$0.00","$0.00","$0.00","$0.00","$0.00","$0.00","$0.00","$0.00","$0.00","$0.00","$0.00","$0.00","$0.00","$0.00","$0.00","$0.00","$0.00","$0.00","$0.00","$0.00","$0.00","$0.00","$0.00","$0.00"
"57749277","Jennifer T.","#2 Bronco Sport CTD5399 (WA #CTD5399)","Ford Bronco Sport 2025","3144760","3FMCR9BN3SRE66889","2026-08-12 06:00 PM","2026-08-26 05:00 AM","17801 International Boulevard, Seattle, WA 98158","17801 International Boulevard, Seattle, WA 98158","Booked","","","","14","$1,206.00","$0.00","$0.00","$0.00","- $241.20","$0.00","$0.00","$0.00","$0.00","- $96.48","$0.00","$0.00","$27.00","$0.00","$0.00","$0.00","$0.00","$0.00","$0.00","$0.00","$0.00","$0.00","$0.00","$0.00","$0.00","$0.00","$0.00","$0.00","$0.00","$0.00","$0.00","$895.32"
"57763127","Winnie W.","#4 CX-30 CPR8256 (WA #CPR8256)","Mazda CX-30 2025","3089013","3MVDMBBM1SM798816","2026-07-22 10:30 AM","2026-07-30 09:00 PM","17801 International Boulevard, Seattle, WA 98158","17801 International Boulevard, Seattle, WA 98158","Booked","","","","9","$754.00","$0.00","$0.00","- $113.10","$0.00","$0.00","$0.00","$0.00","$0.00","- $64.09","$0.00","$0.00","$27.00","$0.00","$0.00","$0.00","$0.00","$0.00","$0.00","$0.00","$0.00","$0.00","$0.00","$0.00","$0.00","$0.00","$0.00","$0.00","$0.00","$0.00","$0.00","$603.81"
"57769738","Danielle M.","#1 Bronco Sport CSD5744 (WA #CSD5744)","Ford Bronco Sport 2024","3090505","3FMCR9B67RRF51219","2026-07-21 09:00 PM","2026-07-26 09:00 PM","17801 International Boulevard, Seattle, WA 98158","17801 International Boulevard, Seattle, WA 98158","Booked","","","","5","$509.00","$0.00","- $25.45","$0.00","$0.00","$0.00","$0.00","$0.00","$0.00","$0.00","$0.00","$0.00","$27.00","$0.00","$0.00","$0.00","$0.00","$0.00","$0.00","$0.00","$0.00","$0.00","$0.00","$0.00","$0.00","$0.00","$0.00","$0.00","$0.00","$0.00","$0.00","$510.55"
"57790224","Tanner W.","#6 CX-50 CTL3409 (WA #CTL3409)","Mazda CX-50 2025","3194251","7MMVABAM2SN362658","2026-08-14 04:00 PM","2026-08-21 05:00 PM","17801 International Boulevard, Seattle, WA 98158","17801 International Boulevard, Seattle, WA 98158","Booked","","","","8","$655.00","$0.00","$0.00","- $98.25","$0.00","$0.00","$0.00","$0.00","$0.00","$0.00","$0.00","$0.00","$27.00","$0.00","$0.00","$0.00","$0.00","$0.00","$0.00","$0.00","$0.00","$0.00","$0.00","$0.00","$0.00","$0.00","$0.00","$0.00","$0.00","$0.00","$0.00","$583.75"
"57813151","Tioana C.","#4 CX-30 CPR8256 (WA #CPR8256)","Mazda CX-30 2025","3089013","3MVDMBBM1SM798816","2026-05-31 04:30 PM","2026-06-02 04:30 PM","707 South Grady Way, Renton, WA 98057","707 South Grady Way, Renton, WA 98057","Host cancellation","","","","2","$0.00","$0.00","$0.00","$0.00","$0.00","$0.00","$0.00","$0.00","$0.00","$0.00","$0.00","$0.00","$0.00","$0.00","$0.00","$0.00","$0.00","$0.00","$0.00","$0.00","$0.00","$0.00","$0.00","$0.00","$0.00","$0.00","$0.00","$0.00","$0.00","$0.00","$0.00","$0.00"
"57816632","Casey H.","#7 CX-30 (WA #CVU0759)","Mazda CX-30 2026","3587146","3MVDMBAL4TM116716","2026-07-28 10:00 PM","2026-08-07 12:00 PM","17801 International Boulevard, Seattle, WA 98158","17801 International Boulevard, Seattle, WA 98158","Booked","","","","10","$953.00","$0.00","$0.00","- $142.95","$0.00","$0.00","$0.00","$0.00","$0.00","- $81.00","$0.00","$0.00","$27.00","$0.00","$0.00","$0.00","$0.00","$0.00","$0.00","$0.00","$0.00","$0.00","$0.00","$0.00","$0.00","$0.00","$0.00","$0.00","$0.00","$0.00","$0.00","$756.05"
"57878976","Giuliana H.","#4 CX-30 CPR8256 (WA #CPR8256)","Mazda CX-30 2025","3089013","3MVDMBBM1SM798816","2026-06-05 05:30 AM","2026-06-09 01:30 PM","17801 International Boulevard, Seattle, WA 98158","17801 International Boulevard, Seattle, WA 98158","Completed","33528","33700","172","5","$290.70","$0.00","- $14.54","$0.00","$0.00","$0.00","$0.00","$0.00","$0.00","$0.00","$0.00","$0.00","$27.00","$0.00","$0.00","$0.00","$0.00","$0.00","$0.00","$0.00","$0.00","$0.00","$0.00","$0.00","$0.00","$0.00","$0.00","$60.13","$0.00","$0.00","$0.00","$363.29"
"57879157","John G.","#4 CX-30 CPR8256 (WA #CPR8256)","Mazda CX-30 2025","3089013","3MVDMBBM1SM798816","2026-08-01 10:30 AM","2026-08-07 02:00 PM","17801 International Boulevard, Seattle, WA 98158","17801 International Boulevard, Seattle, WA 98158","Booked","","","","7","$463.00","$0.00","$0.00","- $69.45","$0.00","$0.00","$0.00","$0.00","$0.00","- $39.36","$0.00","$0.00","$27.00","$0.00","$0.00","$0.00","$0.00","$0.00","$0.00","$0.00","$0.00","$0.00","$0.00","$0.00","$0.00","$0.00","$0.00","$0.00","$0.00","$0.00","$0.00","$381.19"
"57918667","Jason G.","# 9 Outback CGS9019 (WA #CGS9019)","Subaru Outback 2023","3168172","4S4BTACC4P3208642","2026-06-26 08:00 AM","2026-06-29 06:00 AM","707 South Grady Way, Renton, WA 98057","707 South Grady Way, Renton, WA 98057","Completed","66338","66790","452","3","$272.65","$0.00","- $13.63","$0.00","$0.00","$0.00","$0.00","$0.00","$0.00","- $25.90","$0.00","$0.00","$0.00","$0.00","$0.00","$0.00","$0.00","$0.00","$0.00","$0.00","$0.00","$0.00","$0.00","$0.00","$0.00","$0.00","$0.00","$0.00","$0.00","$0.00","$0.00","$233.12"
"57929597","Antonio S.","#2 Bronco Sport CTD5399 (WA #CTD5399)","Ford Bronco Sport 2025","3144760","3FMCR9BN3SRE66889","2026-06-09 10:30 AM","2026-06-13 07:30 AM","17801 International Boulevard, Seattle, WA 98158","17801 International Boulevard, Seattle, WA 98158","Completed","31354","31601","247","4","$364.50","$0.00","- $18.22","$0.00","$0.00","$0.00","$0.00","$0.00","$0.00","- $34.63","$0.00","$0.00","$27.00","$0.00","$0.00","$0.00","$0.00","$0.00","$0.00","$0.00","$0.00","$0.00","$0.00","$0.00","$0.00","$0.00","$0.00","$90.83","$0.00","$0.00","$0.00","$429.48"
"57998338","Hui Xiong L.","#15 Stelvio CW7180 (WA #CW7180)","Alfa Romeo Stelvio 2022","3599626","ZASPAKAN4N7D37133","2026-07-05 08:30 AM","2026-07-09 08:00 PM","707 South Grady Way, Renton, WA 98057","707 South Grady Way, Renton, WA 98057","Booked","","","","5","$369.00","$0.00","- $18.45","$0.00","$0.00","$0.00","$0.00","$0.00","$0.00","- $35.06","$0.00","$0.00","$0.00","$0.00","$0.00","$0.00","$0.00","$0.00","$0.00","$0.00","$0.00","$0.00","$0.00","$0.00","$0.00","$0.00","$0.00","$0.00","$0.00","$0.00","$0.00","$315.49"
"58003037","Shijun S.","#2 Bronco Sport CTD5399 (WA #CTD5399)","Ford Bronco Sport 2025","3144760","3FMCR9BN3SRE66889","2026-06-13 09:00 PM","2026-06-16 01:00 PM","17801 International Boulevard, Seattle, WA 98158","17801 International Boulevard, Seattle, WA 98158","Completed","31601","31991","390","3","$250.20","$0.00","- $12.51","$0.00","$0.00","$0.00","$0.00","$0.00","$0.00","- $23.77","$0.00","$0.00","$27.00","$0.00","$0.00","$0.00","$0.00","$0.00","$0.00","$0.00","$0.00","$1.55","$0.00","$0.00","$0.00","$0.00","$0.00","$0.00","$0.00","$0.00","$0.00","$242.47"
"58004886","Nathan T.","#11 Outback CMV2996 (WA #CMV2996)","Subaru Outback 2024","3092194","4S4BTACC7R3286674","2026-06-20 10:00 AM","2026-06-21 03:00 PM","17801 International Boulevard, Seattle, WA 98158","17801 International Boulevard, Seattle, WA 98158","Completed","37842","38159","317","2","$169.10","$0.00","$0.00","$0.00","$0.00","$0.00","$0.00","$0.00","$0.00","$0.00","$0.00","$0.00","$27.00","$0.00","$0.00","$0.00","$0.00","$0.00","$0.00","$0.00","$0.00","$0.00","$0.00","$0.00","$0.00","$0.00","$0.00","$0.00","$0.00","$0.00","$0.00","$196.10"
"58032135","Carter V.","#15 Stelvio CW7180 (WA #CW7180)","Alfa Romeo Stelvio 2022","3599626","ZASPAKAN4N7D37133","2026-06-17 09:00 AM","2026-06-23 06:00 PM","707 South Grady Way, Renton, WA 98057","707 South Grady Way, Renton, WA 98057","Completed","44435","44965","530","7","$471.60","$0.00","$0.00","- $70.74","$0.00","$0.00","$0.00","$0.00","$0.00","- $40.09","$0.00","$0.00","$0.00","$0.00","$0.00","$0.00","$0.00","$0.00","$0.00","$0.00","$0.00","$0.00","$0.00","$0.00","$0.00","$0.00","$0.00","$0.00","$0.00","$0.00","$0.00","$360.77"
"58056819","Lukas S.","#1 Bronco Sport CSD5744 (WA #CSD5744)","Ford Bronco Sport 2024","3090505","3FMCR9B67RRF51219","2026-06-22 06:00 PM","2026-06-26 03:00 PM","17801 International Boulevard, Seattle, WA 98158","17801 International Boulevard, Seattle, WA 98158","Completed","33402","33931","529","4","$307.80","$0.00","- $15.39","$0.00","$0.00","$0.00","$0.00","$0.00","$0.00","$0.00","$0.00","$0.00","$27.00","$0.00","$0.00","$0.00","$0.00","$0.00","$0.00","$0.00","$0.00","$0.00","$0.00","$0.00","$0.00","$0.00","$0.00","$0.00","$0.00","$0.00","$0.00","$319.41"
"58066194","Jacob M.","#15 Stelvio CW7180 (WA #CW7180)","Alfa Romeo Stelvio 2022","3599626","ZASPAKAN4N7D37133","2026-07-20 01:00 PM","2026-07-25 01:00 PM","17801 International Boulevard, Seattle, WA 98158","17801 International Boulevard, Seattle, WA 98158","Booked","","","","5","$395.00","$0.00","- $19.75","$0.00","$0.00","$0.00","$0.00","$0.00","$0.00","- $37.52","$0.00","$0.00","$27.00","$0.00","$0.00","$0.00","$0.00","$0.00","$0.00","$0.00","$0.00","$0.00","$0.00","$0.00","$0.00","$0.00","$0.00","$0.00","$0.00","$0.00","$0.00","$364.73"
"58069261","Robert F.","#4 CX-30 CPR8256 (WA #CPR8256)","Mazda CX-30 2025","3089013","3MVDMBBM1SM798816","2026-07-02 10:30 AM","2026-07-06 04:30 AM","17801 International Boulevard, Seattle, WA 98158","17801 International Boulevard, Seattle, WA 98158","In-progress","35489","","","4","$360.05","$0.00","- $18.00","$0.00","$0.00","$0.00","$0.00","$0.00","$0.00","$0.00","$0.00","$0.00","$27.00","$0.00","$0.00","$0.00","$0.00","$0.00","$0.00","$0.00","$0.00","$0.00","$0.00","$0.00","$0.00","$0.00","$0.00","$0.00","$0.00","$0.00","$0.00","$369.05"
"58070591","Shraddha G.","#15 Stelvio CW7180 (WA #CW7180)","Alfa Romeo Stelvio 2022","3599626","ZASPAKAN4N7D37133","2026-06-30 03:00 PM","2026-07-04 10:00 AM","17801 International Boulevard, Seattle, WA 98158","17801 International Boulevard, Seattle, WA 98158","In-progress","45301","","","4","$309.70","$0.00","- $15.48","$0.00","$0.00","$0.00","$0.00","$0.00","$0.00","- $29.42","$0.00","$0.00","$27.00","$0.00","$36.00","$0.00","$0.00","$0.00","$0.00","$0.00","$0.00","$0.00","$0.00","$0.00","$0.00","$0.00","$0.00","$0.00","$0.00","$0.00","$0.00","$327.80"
"58075444","Rajesh K.","#1 Bronco Sport CSD5744 (WA #CSD5744)","Ford Bronco Sport 2024","3090505","3FMCR9B67RRF51219","2026-06-15 01:00 PM","2026-06-19 08:30 AM","17801 International Boulevard, Seattle, WA 98158","17801 International Boulevard, Seattle, WA 98158","Guest cancellation","","","","4","$0.00","$0.00","$0.00","$0.00","$0.00","$0.00","$0.00","$0.00","$0.00","$0.00","$0.00","$0.00","$0.00","$0.00","$0.00","$0.00","$0.00","$0.00","$0.00","$0.00","$0.00","$0.00","$0.00","$0.00","$0.00","$0.00","$0.00","$0.00","$0.00","$0.00","$0.00","$0.00"
"58076866","Spencer S.","#13 CR-V CWF7613 (WA #CWF7613)","Honda CR-V 2025","3567962","2HKRS4H27SH405308","2026-06-23 08:30 PM","2026-07-01 08:30 PM","17801 International Boulevard, Seattle, WA 98158","17801 International Boulevard, Seattle, WA 98158","Completed","16630","17688","1058","8","$626.05","$0.00","$0.00","- $93.91","$0.00","$0.00","$0.00","$0.00","$0.00","- $53.22","$0.00","$0.00","$27.00","$0.00","$0.00","$0.00","$0.00","$0.00","$0.00","$0.00","$0.00","$0.00","$0.00","$0.00","$0.00","$0.00","$0.00","$0.00","$0.00","$0.00","$0.00","$505.92"
"58092326","DAN V.","#12 Ford Bronco Sport SWA7154 (WA #CWA7154)","Ford Bronco Sport 2025","3549192","3FMCR9BN7SRF76361","2026-06-11 12:30 AM","2026-06-13 12:30 AM","17801 International Boulevard, Seattle, WA 98158","17801 International Boulevard, Seattle, WA 98158","Completed","11132","11400","268","2","$145.35","$0.00","$0.00","$0.00","$0.00","$0.00","$0.00","$0.00","$0.00","$0.00","$0.00","$0.00","$27.00","$0.00","$0.00","$0.00","$0.00","$0.00","$0.00","$0.00","$0.00","$0.00","$0.00","$0.00","$0.00","$0.00","$0.00","$0.00","$0.00","$0.00","$0.00","$172.35"
"58097607","Portina A.","#5 CX-30 CPR8911 (WA #CPR8911)","Mazda CX-30 2025","3090357","3MVDMBBM1SM805876","2026-06-27 06:30 PM","2026-06-29 02:00 PM","17801 International Boulevard, Seattle, WA 98158","17801 International Boulevard, Seattle, WA 98158","Guest cancellation","","","","2","$0.00","$0.00","$0.00","$0.00","$0.00","$0.00","$0.00","$0.00","$0.00","$0.00","$0.00","$0.00","$0.00","$0.00","$0.00","$0.00","$0.00","$0.00","$0.00","$0.00","$0.00","$0.00","$0.00","$0.00","$0.00","$0.00","$0.00","$0.00","$0.00","$0.00","$0.00","$0.00"
"58105279","Devin H.","#7 CX-30 (WA #CVU0759)","Mazda CX-30 2026","3587146","3MVDMBAL4TM116716","2026-08-11 11:30 AM","2026-08-15 03:00 PM","17801 International Boulevard, Seattle, WA 98158","17801 International Boulevard, Seattle, WA 98158","Booked","","","","5","$388.00","$0.00","- $19.40","$0.00","$0.00","$0.00","$0.00","$0.00","$0.00","- $36.86","$0.00","$0.00","$27.00","$0.00","$0.00","$0.00","$0.00","$0.00","$0.00","$0.00","$0.00","$0.00","$0.00","$0.00","$0.00","$0.00","$0.00","$0.00","$0.00","$0.00","$0.00","$358.74"
"58120595","Laura L.","#15 Stelvio CW7180 (WA #CW7180)","Alfa Romeo Stelvio 2022","3599626","ZASPAKAN4N7D37133","2026-07-10 02:00 PM","2026-07-15 08:00 AM","17801 International Boulevard, Seattle, WA 98158","17801 International Boulevard, Seattle, WA 98158","Booked","","","","5","$449.00","$0.00","- $22.45","$0.00","$0.00","$0.00","$0.00","$0.00","$0.00","$0.00","$0.00","$0.00","$27.00","$0.00","$0.00","$0.00","$0.00","$0.00","$0.00","$0.00","$0.00","$0.00","$0.00","$0.00","$0.00","$0.00","$0.00","$0.00","$0.00","$0.00","$0.00","$453.55"
"58122214","Guilermo E.","#7 CX-30 (WA #CVU0759)","Mazda CX-30 2026","3587146","3MVDMBAL4TM116716","2026-06-24 07:30 PM","2026-06-28 08:00 AM","17801 International Boulevard, Seattle, WA 98158","17801 International Boulevard, Seattle, WA 98158","Completed","10566","","","4","$309.70","$0.00","- $15.48","$0.00","$0.00","$0.00","$0.00","$0.00","$0.00","- $29.42","$0.00","$0.00","$27.00","$0.00","$0.00","$0.00","$0.00","$0.00","$0.00","$0.00","$0.00","$0.00","$0.00","$0.00","$0.00","$0.00","$0.00","$0.00","$0.00","$0.00","$0.00","$291.80"
"58126128","Bau Bai Y.","#11 Outback CMV2996 (WA #CMV2996)","Subaru Outback 2024","3092194","4S4BTACC7R3286674","2026-06-18 08:30 AM","2026-06-19 09:00 PM","17801 International Boulevard, Seattle, WA 98158","17801 International Boulevard, Seattle, WA 98158","Completed","37397","37842","445","2","$144.00","$0.00","$0.00","$0.00","$0.00","$0.00","$0.00","$0.00","$0.00","- $14.40","$0.00","$0.00","$27.00","$16.20","$0.00","$0.00","$0.00","$0.00","$0.00","$0.00","$0.00","$0.00","$0.00","$0.00","$0.00","$0.00","$0.00","$0.00","$0.00","$0.00","$0.00","$172.80"
"58145140","Katherine M.","#10 Outback CHW4262 (WA #CHW4262)","Subaru Outback 2023","3374613","4S4BTACC8P3213469","2026-07-17 12:30 PM","2026-07-25 03:30 PM","17801 International Boulevard, Seattle, WA 98158","17801 International Boulevard, Seattle, WA 98158","Booked","","","","9","$954.00","$0.00","$0.00","- $143.10","$0.00","$0.00","$0.00","$0.00","$0.00","$0.00","$0.00","$0.00","$27.00","$0.00","$0.00","$0.00","$0.00","$0.00","$0.00","$0.00","$0.00","$0.00","$0.00","$0.00","$0.00","$0.00","$0.00","$0.00","$0.00","$0.00","$0.00","$837.90"
"58158153","Lisa R.","#6 CX-50 CTL3409 (WA #CTL3409)","Mazda CX-50 2025","3194251","7MMVABAM2SN362658","2026-08-03 01:00 PM","2026-08-10 09:00 PM","17801 International Boulevard, Seattle, WA 98158","17801 International Boulevard, Seattle, WA 98158","Booked","","","","8","$601.00","$0.00","$0.00","- $90.15","$0.00","$0.00","$0.00","$0.00","$0.00","- $51.08","$0.00","$0.00","$27.00","$0.00","$0.00","$0.00","$0.00","$0.00","$0.00","$0.00","$0.00","$0.00","$0.00","$0.00","$0.00","$0.00","$0.00","$0.00","$0.00","$0.00","$0.00","$486.77"
"58158268","Macryan A.","#12 Ford Bronco Sport SWA7154 (WA #CWA7154)","Ford Bronco Sport 2025","3549192","3FMCR9BN7SRF76361","2026-06-14 10:00 AM","2026-06-15 08:00 PM","707 South Grady Way, Renton, WA 98057","707 South Grady Way, Renton, WA 98057","Completed","11405","11580","175","2","$145.80","$0.00","$0.00","$0.00","$0.00","$0.00","$0.00","$0.00","$0.00","$0.00","$0.00","$0.00","$0.00","$0.00","$0.00","$0.00","$0.00","$0.00","$0.00","$0.00","$0.00","$8.85","$0.00","$0.00","$0.00","$0.00","$0.00","$59.56","$0.00","$0.00","$0.00","$214.21"
"58166506","Linh D.","#14 Outlander D82070J (WA #D82070J)","Mitsubishi Outlander 2024","3575991","JA4J4VA8XRZ071185","2026-06-26 07:30 AM","2026-06-29 04:00 PM","17801 International Boulevard, Seattle, WA 98158","17801 International Boulevard, Seattle, WA 98158","Completed","65994","66347","353","4","$332.50","$0.00","- $16.62","$0.00","$0.00","$0.00","$0.00","$0.00","$0.00","- $31.59","$0.00","$0.00","$27.00","$0.00","$0.00","$0.00","$0.00","$0.00","$0.00","$0.00","$0.00","$0.00","$0.00","$0.00","$0.00","$0.00","$0.00","$33.66","$0.00","$0.00","$0.00","$344.95"
"58176696","Emily S.","#1 Bronco Sport CSD5744 (WA #CSD5744)","Ford Bronco Sport 2024","3090505","3FMCR9B67RRF51219","2026-06-15 07:30 AM","2026-06-17 06:00 PM","17801 International Boulevard, Seattle, WA 98158","17801 International Boulevard, Seattle, WA 98158","Completed","32729","33126","397","3","$180.90","$0.00","- $9.04","$0.00","$0.00","$0.00","$0.00","$0.00","$0.00","$0.00","$0.00","$0.00","$27.00","$0.00","$0.00","$0.00","$0.00","$0.00","$0.00","$0.00","$0.00","$2.40","$0.00","$0.00","$0.00","$0.00","$0.00","$0.00","$0.00","$0.00","$0.00","$201.26"
"58179119","Francis S.","#7 CX-30 (WA #CVU0759)","Mazda CX-30 2026","3587146","3MVDMBAL4TM116716","2026-06-14 10:30 PM","2026-06-17 04:00 PM","17801 International Boulevard, Seattle, WA 98158","17801 International Boulevard, Seattle, WA 98158","Completed","8994","9982","988","3","$173.70","$0.00","- $8.68","$0.00","$0.00","$0.00","$0.00","$0.00","$0.00","$0.00","$0.00","$0.00","$27.00","$0.00","$0.00","$0.00","$0.00","$0.00","$0.00","$0.00","$0.00","$4.35","$0.00","$0.00","$0.00","$0.00","$0.00","$20.58","$0.00","$0.00","$0.00","$216.95"
"58198921","Jonathan M.","#15 Stelvio CW7180 (WA #CW7180)","Alfa Romeo Stelvio 2022","3599626","ZASPAKAN4N7D37133","2026-06-26 07:00 AM","2026-06-29 04:00 PM","707 South Grady Way, Renton, WA 98057","707 South Grady Way, Renton, WA 98057","Completed","45025","45241","216","4","$317.30","$0.00","- $15.86","$0.00","$0.00","$0.00","$0.00","$0.00","$0.00","- $30.14","$0.00","$0.00","$0.00","$0.00","$0.00","$0.00","$0.00","$0.00","$0.00","$0.00","$0.00","$0.00","$0.00","$0.00","$0.00","$0.00","$0.00","$0.00","$0.00","$0.00","$0.00","$271.30"
"58212837","Erin A.","#2 Bronco Sport CTD5399 (WA #CTD5399)","Ford Bronco Sport 2025","3144760","3FMCR9BN3SRE66889","2026-06-30 10:00 AM","2026-07-07 07:30 PM","17801 International Boulevard, Seattle, WA 98158","17801 International Boulevard, Seattle, WA 98158","In-progress","33812","","","8","$821.75","$0.00","$0.00","- $123.26","$0.00","$0.00","$0.00","$0.00","$0.00","- $69.84","$0.00","$0.00","$27.00","$0.00","$27.00","$0.00","$0.00","$0.00","$0.00","$0.00","$0.00","$0.00","$0.00","$0.00","$0.00","$0.00","$0.00","$0.00","$0.00","$0.00","$0.00","$682.65"
"58219762","Virginia K.","#4 CX-30 CPR8256 (WA #CPR8256)","Mazda CX-30 2025","3089013","3MVDMBBM1SM798816","2026-06-22 10:00 AM","2026-06-24 01:00 PM","17801 International Boulevard, Seattle, WA 98158","17801 International Boulevard, Seattle, WA 98158","Completed","34857","","","3","$169.20","$0.00","- $8.46","$0.00","$0.00","$0.00","$0.00","$0.00","$0.00","- $16.07","$0.00","$0.00","$27.00","$0.00","$0.00","$0.00","$0.00","$0.00","$0.00","$0.00","$0.00","$0.00","$0.00","$0.00","$0.00","$0.00","$0.00","$0.00","$0.00","$0.00","$0.00","$171.67"
"58221138","CHARLES G.","#6 CX-50 CTL3409 (WA #CTL3409)","Mazda CX-50 2025","3194251","7MMVABAM2SN362658","2026-08-23 10:00 AM","2026-08-30 09:00 PM","17801 International Boulevard, Seattle, WA 98158","17801 International Boulevard, Seattle, WA 98158","Booked","","","","8","$546.00","$0.00","$0.00","- $81.90","$0.00","$0.00","$0.00","$0.00","$0.00","- $46.41","$0.00","$0.00","$27.00","$0.00","$0.00","$0.00","$0.00","$0.00","$0.00","$0.00","$0.00","$0.00","$0.00","$0.00","$0.00","$0.00","$0.00","$0.00","$0.00","$0.00","$0.00","$444.69"
"58224709","George M.","#6 CX-50 CTL3409 (WA #CTL3409)","Mazda CX-50 2025","3194251","7MMVABAM2SN362658","2026-06-23 08:00 PM","2026-06-27 04:00 AM","17801 International Boulevard, Seattle, WA 98158","17801 International Boulevard, Seattle, WA 98158","Guest cancellation","","","","4","$0.00","$0.00","$0.00","$0.00","$0.00","$0.00","$0.00","$0.00","$0.00","$0.00","$0.00","$0.00","$0.00","$0.00","$0.00","$0.00","$0.00","$0.00","$0.00","$0.00","$0.00","$0.00","$0.00","$0.00","$0.00","$0.00","$0.00","$0.00","$0.00","$0.00","$0.00","$0.00"
"58226170","Catherine D.","#5 CX-30 CPR8911 (WA #CPR8911)","Mazda CX-30 2025","3090357","3MVDMBBM1SM805876","2026-06-29 05:00 PM","2026-07-03 08:00 AM","17801 International Boulevard, Seattle, WA 98158","17801 International Boulevard, Seattle, WA 98158","Completed","37157","37561","404","4","$280.25","$0.00","- $14.01","$0.00","$0.00","$0.00","$0.00","$0.00","$0.00","- $26.62","$0.00","$0.00","$27.00","$0.00","$0.00","$0.00","$0.00","$0.00","$0.00","$0.00","$0.00","$0.00","$0.00","$0.00","$0.00","$0.00","$0.00","$0.00","$0.00","$0.00","$0.00","$266.62"
"58227064","Joel B.","#14 Outlander D82070J (WA #D82070J)","Mitsubishi Outlander 2024","3575991","JA4J4VA8XRZ071185","2026-07-15 10:30 AM","2026-07-21 10:30 AM","17801 International Boulevard, Seattle, WA 98158","17801 International Boulevard, Seattle, WA 98158","Booked","","","","6","$677.00","$0.00","- $33.85","$0.00","$0.00","$0.00","$0.00","$0.00","$0.00","- $64.32","$0.00","$0.00","$27.00","$0.00","$0.00","$0.00","$0.00","$0.00","$0.00","$0.00","$0.00","$0.00","$0.00","$0.00","$0.00","$0.00","$0.00","$0.00","$0.00","$0.00","$0.00","$605.83"
"58232881","Nathan D.","# 9 Outback CGS9019 (WA #CGS9019)","Subaru Outback 2023","3168172","4S4BTACC4P3208642","2026-08-04 04:00 PM","2026-08-11 10:00 AM","17801 International Boulevard, Seattle, WA 98158","17801 International Boulevard, Seattle, WA 98158","Booked","","","","7","$634.00","$0.00","$0.00","- $95.10","$0.00","$0.00","$0.00","$0.00","$0.00","$0.00","$0.00","$0.00","$27.00","$0.00","$0.00","$0.00","$0.00","$0.00","$0.00","$0.00","$0.00","$0.00","$0.00","$0.00","$0.00","$0.00","$0.00","$0.00","$0.00","$0.00","$0.00","$565.90"
"58243624","Kelly D.","#14 Outlander D82070J (WA #D82070J)","Mitsubishi Outlander 2024","3575991","JA4J4VA8XRZ071185","2026-07-08 10:00 AM","2026-07-15 04:30 AM","17801 International Boulevard, Seattle, WA 98158","17801 International Boulevard, Seattle, WA 98158","Booked","","","","7","$657.40","$0.00","$0.00","- $98.61","$0.00","$0.00","$0.00","$0.00","$0.00","- $55.88","$0.00","$0.00","$27.00","$0.00","$0.00","$0.00","$0.00","$0.00","$0.00","$0.00","$0.00","$0.00","$0.00","$0.00","$0.00","$0.00","$0.00","$0.00","$0.00","$0.00","$0.00","$529.91"
"58258543","Benjamin C.","#13 CR-V CWF7613 (WA #CWF7613)","Honda CR-V 2025","3567962","2HKRS4H27SH405308","2026-08-24 10:00 AM","2026-09-02 05:00 AM","17801 International Boulevard, Seattle, WA 98158","17801 International Boulevard, Seattle, WA 98158","Guest cancellation","","","","9","$0.00","$0.00","$0.00","$0.00","$0.00","$0.00","$0.00","$0.00","$0.00","$0.00","$0.00","$0.00","$0.00","$0.00","$0.00","$0.00","$0.00","$0.00","$0.00","$0.00","$0.00","$0.00","$0.00","$0.00","$0.00","$0.00","$0.00","$0.00","$0.00","$0.00","$0.00","$0.00"
"58259247","Amy C.","#13 CR-V CWF7613 (WA #CWF7613)","Honda CR-V 2025","3567962","2HKRS4H27SH405308","2026-08-24 10:00 AM","2026-09-02 05:00 AM","17801 International Boulevard, Seattle, WA 98158","17801 International Boulevard, Seattle, WA 98158","Booked","","","","9","$658.00","$0.00","$0.00","- $98.70","$0.00","$0.00","$0.00","$0.00","$0.00","- $55.93","$0.00","$0.00","$27.00","$0.00","$0.00","$0.00","$0.00","$0.00","$0.00","$0.00","$0.00","$0.00","$0.00","$0.00","$0.00","$0.00","$0.00","$0.00","$0.00","$0.00","$0.00","$530.37"
"58272888","Sharath R.","#3 CR-V CSJ1646 (WA #CSJ1646)","Honda CR-V 2025","3148718","2HKRS4H21SH443987","2026-06-15 03:00 PM","2026-06-18 09:00 PM","17801 International Boulevard, Seattle, WA 98158","17801 International Boulevard, Seattle, WA 98158","Completed","29270","29672","402","4","$228.65","$0.00","- $11.43","$0.00","$0.00","$0.00","$0.00","$0.00","$0.00","$0.00","$0.00","$0.00","$27.00","$0.00","$40.50","$0.00","$0.00","$0.00","$0.00","$0.00","$0.00","$0.00","$0.00","$0.00","$0.00","$0.00","$0.00","$0.00","$0.00","$0.00","$0.00","$284.72"
"58290700","Susan R.","#15 Stelvio CW7180 (WA #CW7180)","Alfa Romeo Stelvio 2022","3599626","ZASPAKAN4N7D37133","2026-08-21 08:30 AM","2026-08-31 08:30 AM","17801 International Boulevard, Seattle, WA 98158","17801 International Boulevard, Seattle, WA 98158","Booked","","","","10","$754.00","$0.00","$0.00","- $113.10","$0.00","$0.00","$0.00","$0.00","$0.00","- $64.09","$0.00","$0.00","$27.00","$0.00","$0.00","$0.00","$0.00","$0.00","$0.00","$0.00","$0.00","$0.00","$0.00","$0.00","$0.00","$0.00","$0.00","$0.00","$0.00","$0.00","$0.00","$603.81"
"58290793","Matthew B.","#2 Bronco Sport CTD5399 (WA #CTD5399)","Ford Bronco Sport 2025","3144760","3FMCR9BN3SRE66889","2026-06-22 05:30 PM","2026-06-26 06:00 AM","17801 International Boulevard, Seattle, WA 98158","17801 International Boulevard, Seattle, WA 98158","Completed","32305","33256","951","4","$295.20","$0.00","- $14.76","$0.00","$0.00","$0.00","$0.00","$0.00","$0.00","- $28.04","$0.00","$0.00","$27.00","$0.00","$27.00","$0.00","$0.00","$0.00","$0.00","$0.00","$0.00","$0.00","$0.00","$0.00","$0.00","$0.00","$0.00","$0.00","$0.00","$0.00","$0.00","$306.40"
"58324389","Suzanne M.","#10 Outback CHW4262 (WA #CHW4262)","Subaru Outback 2023","3374613","4S4BTACC8P3213469","2026-08-05 07:30 PM","2026-08-16 02:30 PM","17801 International Boulevard, Seattle, WA 98158","17801 International Boulevard, Seattle, WA 98158","Booked","","","","11","$1,023.00","$0.00","$0.00","- $153.45","$0.00","$0.00","$0.00","$0.00","$0.00","- $86.96","$0.00","$0.00","$27.00","$0.00","$0.00","$0.00","$0.00","$0.00","$0.00","$0.00","$0.00","$0.00","$0.00","$0.00","$0.00","$0.00","$0.00","$0.00","$0.00","$0.00","$0.00","$809.59"
"58337765","Julie M.","#10 Outback CHW4262 (WA #CHW4262)","Subaru Outback 2023","3374613","4S4BTACC8P3213469","2026-07-29 09:30 AM","2026-08-02 07:00 PM","17801 International Boulevard, Seattle, WA 98158","17801 International Boulevard, Seattle, WA 98158","Booked","","","","5","$507.00","$0.00","- $25.35","$0.00","$0.00","$0.00","$0.00","$0.00","$0.00","$0.00","$0.00","$0.00","$27.00","$0.00","$27.00","$0.00","$0.00","$0.00","$0.00","$0.00","$0.00","$0.00","$0.00","$0.00","$0.00","$0.00","$0.00","$0.00","$0.00","$0.00","$0.00","$535.65"
"58346355","Cooper W.","#10 Outback CHW4262 (WA #CHW4262)","Subaru Outback 2023","3374613","4S4BTACC8P3213469","2026-06-20 03:00 PM","2026-06-29 12:00 PM","17801 International Boulevard, Seattle, WA 98158","17801 International Boulevard, Seattle, WA 98158","Completed","78642","","","9","$767.70","$0.00","$0.00","- $115.16","$0.00","$0.00","$0.00","$0.00","$0.00","- $65.25","$0.00","$0.00","$27.00","$0.00","$0.00","$0.00","$0.00","$0.00","$0.00","$0.00","$0.00","$0.00","$0.00","$0.00","$0.00","$0.00","$0.00","$0.00","$0.00","$0.00","$0.00","$614.29"
"58352788","Adheesh S.","#3 CR-V CSJ1646 (WA #CSJ1646)","Honda CR-V 2025","3148718","2HKRS4H21SH443987","2026-07-02 11:00 PM","2026-07-08 08:00 AM","17801 International Boulevard, Seattle, WA 98158","17801 International Boulevard, Seattle, WA 98158","In-progress","30417","","","6","$511.10","$0.00","- $25.56","$0.00","$0.00","$0.00","$0.00","$0.00","$0.00","$0.00","$0.00","$0.00","$27.00","$0.00","$0.00","$0.00","$0.00","$0.00","$0.00","$0.00","$0.00","$0.00","$0.00","$0.00","$0.00","$0.00","$0.00","$0.00","$0.00","$0.00","$0.00","$512.54"
"58423164","Rahia G.","#15 Stelvio CW7180 (WA #CW7180)","Alfa Romeo Stelvio 2022","3599626","ZASPAKAN4N7D37133","2026-07-16 10:00 AM","2026-07-19 01:00 PM","17801 International Boulevard, Seattle, WA 98158","17801 International Boulevard, Seattle, WA 98158","Booked","","","","4","$348.65","$0.00","- $17.43","$0.00","$0.00","$0.00","$0.00","$0.00","$0.00","- $33.12","$0.00","$0.00","$27.00","$0.00","$0.00","$0.00","$0.00","$0.00","$0.00","$0.00","$0.00","$0.00","$0.00","$0.00","$0.00","$0.00","$0.00","$0.00","$0.00","$0.00","$0.00","$325.10"
"58440904","David W.","#13 CR-V CWF7613 (WA #CWF7613)","Honda CR-V 2025","3567962","2HKRS4H27SH405308","2026-07-02 01:30 PM","2026-07-05 08:30 AM","17801 International Boulevard, Seattle, WA 98158","17801 International Boulevard, Seattle, WA 98158","Guest cancellation","","","","3","$0.00","$0.00","$0.00","$0.00","$0.00","$0.00","$0.00","$0.00","$0.00","$0.00","$0.00","$0.00","$0.00","$0.00","$0.00","$0.00","$0.00","$0.00","$0.00","$0.00","$0.00","$0.00","$0.00","$0.00","$0.00","$0.00","$0.00","$0.00","$0.00","$0.00","$0.00","$0.00"
"58502870","Eliu L.","#13 CR-V CWF7613 (WA #CWF7613)","Honda CR-V 2025","3567962","2HKRS4H27SH405308","2026-07-02 04:00 PM","2026-07-05 09:00 PM","707 South Grady Way, Renton, WA 98057","707 South Grady Way, Renton, WA 98057","In-progress","17695","","","4","$365.40","$0.00","- $18.27","$0.00","$0.00","$0.00","$0.00","$0.00","$0.00","- $34.71","$0.00","$0.00","$0.00","$0.00","$0.00","$0.00","$0.00","$0.00","$0.00","$0.00","$0.00","$0.00","$0.00","$0.00","$0.00","$0.00","$0.00","$0.00","$0.00","$0.00","$0.00","$312.42"
"58510324","Jennifer T.","#1 Bronco Sport CSD5744 (WA #CSD5744)","Ford Bronco Sport 2024","3090505","3FMCR9B67RRF51219","2026-08-18 06:00 PM","2026-08-22 01:00 PM","17801 International Boulevard, Seattle, WA 98158","17801 International Boulevard, Seattle, WA 98158","Booked","","","","4","$311.00","$0.00","- $15.55","$0.00","$0.00","$0.00","$0.00","$0.00","$0.00","$0.00","$0.00","$0.00","$27.00","$0.00","$0.00","$0.00","$0.00","$0.00","$0.00","$0.00","$0.00","$0.00","$0.00","$0.00","$0.00","$0.00","$0.00","$0.00","$0.00","$0.00","$0.00","$322.45"
"58540293","Cassie R.","#12 Ford Bronco Sport SWA7154 (WA #CWA7154)","Ford Bronco Sport 2025","3549192","3FMCR9BN7SRF76361","2026-09-16 09:30 AM","2026-09-20 03:00 PM","17801 International Boulevard, Seattle, WA 98158","17801 International Boulevard, Seattle, WA 98158","Booked","","","","5","$381.00","$0.00","- $19.05","$0.00","$0.00","$0.00","$0.00","$0.00","$0.00","$0.00","$0.00","$0.00","$27.00","$0.00","$27.00","$0.00","$0.00","$0.00","$0.00","$0.00","$0.00","$0.00","$0.00","$0.00","$0.00","$0.00","$0.00","$0.00","$0.00","$0.00","$0.00","$415.95"
"58553844","Erik S.","#15 Stelvio CW7180 (WA #CW7180)","Alfa Romeo Stelvio 2022","3599626","ZASPAKAN4N7D37133","2026-08-07 11:30 AM","2026-08-14 11:30 AM","17801 International Boulevard, Seattle, WA 98158","17801 International Boulevard, Seattle, WA 98158","Booked","","","","7","$571.00","$0.00","$0.00","- $85.65","$0.00","$0.00","$0.00","$0.00","$0.00","$0.00","$0.00","$0.00","$27.00","$0.00","$0.00","$0.00","$0.00","$0.00","$0.00","$0.00","$0.00","$0.00","$0.00","$0.00","$0.00","$0.00","$0.00","$0.00","$0.00","$0.00","$0.00","$512.35"
"58611077","Macryan A.","#5 CX-30 CPR8911 (WA #CPR8911)","Mazda CX-30 2025","3090357","3MVDMBBM1SM805876","2026-06-27 09:00 AM","2026-06-28 09:30 PM","707 South Grady Way, Renton, WA 98057","707 South Grady Way, Renton, WA 98057","Completed","37058","37157","99","2","$149.40","$0.00","$0.00","$0.00","$0.00","$0.00","$0.00","$0.00","$0.00","$0.00","$0.00","$0.00","$0.00","$0.00","$0.00","$0.00","$0.00","$0.00","$0.00","$0.00","$0.00","$0.00","$0.00","$0.00","$0.00","$0.00","$0.00","$41.82","$0.00","$0.00","$0.00","$191.22"
"58613771","Kyana M.","#13 CR-V CWF7613 (WA #CWF7613)","Honda CR-V 2025","3567962","2HKRS4H27SH405308","2026-07-07 09:30 AM","2026-07-14 09:30 AM","17801 International Boulevard, Seattle, WA 98158","17801 International Boulevard, Seattle, WA 98158","Booked","","","","7","$559.80","$0.00","$0.00","- $83.97","$0.00","$0.00","$0.00","$0.00","$0.00","$0.00","$0.00","$0.00","$27.00","$0.00","$0.00","$0.00","$0.00","$0.00","$0.00","$0.00","$0.00","$0.00","$0.00","$0.00","$0.00","$0.00","$0.00","$0.00","$0.00","$0.00","$0.00","$502.83"
"58615596","Benjamin S.","#1 Bronco Sport CSD5744 (WA #CSD5744)","Ford Bronco Sport 2024","3090505","3FMCR9B67RRF51219","2026-07-12 04:30 PM","2026-07-15 04:30 PM","17801 International Boulevard, Seattle, WA 98158","17801 International Boulevard, Seattle, WA 98158","Booked","","","","3","$238.45","$0.00","- $11.92","$0.00","$0.00","$0.00","$0.00","$0.00","$0.00","- $22.65","$0.00","$0.00","$27.00","$0.00","$0.00","$0.00","$0.00","$0.00","$0.00","$0.00","$0.00","$0.00","$0.00","$0.00","$0.00","$0.00","$0.00","$0.00","$0.00","$0.00","$0.00","$230.88"
"58708692","John-Paul M.","# 9 Outback CGS9019 (WA #CGS9019)","Subaru Outback 2023","3168172","4S4BTACC4P3208642","2026-07-01 12:00 AM","2026-07-07 12:00 PM","17801 International Boulevard, Seattle, WA 98158","17801 International Boulevard, Seattle, WA 98158","In-progress","86433","","","7","$609.30","$0.00","$0.00","- $91.40","$0.00","$0.00","$0.00","$0.00","$0.00","- $51.79","$0.00","$0.00","$27.00","$0.00","$0.00","$0.00","$0.00","$0.00","$0.00","$0.00","$0.00","$0.00","$0.00","$0.00","$0.00","$0.00","$0.00","$0.00","$0.00","$0.00","$0.00","$493.11"
"58727832","Aaron U.","#4 CX-30 CPR8256 (WA #CPR8256)","Mazda CX-30 2025","3089013","3MVDMBBM1SM798816","2026-07-17 09:00 PM","2026-07-21 09:00 PM","17801 International Boulevard, Seattle, WA 98158","17801 International Boulevard, Seattle, WA 98158","Booked","","","","4","$317.30","$0.00","- $15.86","$0.00","$0.00","$0.00","$0.00","$0.00","$0.00","- $30.14","$0.00","$0.00","$27.00","$0.00","$0.00","$0.00","$0.00","$0.00","$0.00","$0.00","$0.00","$0.00","$0.00","$0.00","$0.00","$0.00","$0.00","$0.00","$0.00","$0.00","$0.00","$298.30"
"58782110","Thomas T.","#13 CR-V CWF7613 (WA #CWF7613)","Honda CR-V 2025","3567962","2HKRS4H27SH405308","2026-08-12 07:00 PM","2026-08-16 07:30 AM","17801 International Boulevard, Seattle, WA 98158","17801 International Boulevard, Seattle, WA 98158","Booked","","","","4","$341.00","$0.00","- $17.05","$0.00","$0.00","$0.00","$0.00","$0.00","$0.00","- $32.40","$0.00","$0.00","$27.00","$0.00","$0.00","$0.00","$0.00","$0.00","$0.00","$0.00","$0.00","$0.00","$0.00","$0.00","$0.00","$0.00","$0.00","$0.00","$0.00","$0.00","$0.00","$318.55"
"58804004","Richard D.","#1 Bronco Sport CSD5744 (WA #CSD5744)","Ford Bronco Sport 2024","3090505","3FMCR9B67RRF51219","2026-06-30 07:30 PM","2026-07-03 11:00 AM","707 South Grady Way, Renton, WA 98057","707 South Grady Way, Renton, WA 98057","Completed","34201","","","3","$177.65","$0.00","- $8.88","$0.00","$0.00","$0.00","$0.00","$0.00","$0.00","$0.00","$0.00","$0.00","$0.00","$0.00","$0.00","$0.00","$0.00","$0.00","$0.00","$0.00","$0.00","$0.00","$0.00","$0.00","$0.00","$0.00","$0.00","$0.00","$0.00","$0.00","$0.00","$168.77"
"58815049","Denise M.","#10 Outback CHW4262 (WA #CHW4262)","Subaru Outback 2023","3374613","4S4BTACC8P3213469","2026-07-12 09:00 AM","2026-07-16 06:00 PM","17801 International Boulevard, Seattle, WA 98158","17801 International Boulevard, Seattle, WA 98158","Booked","","","","5","$362.70","$0.00","- $18.14","$0.00","$0.00","$0.00","$0.00","$0.00","$0.00","- $34.45","$0.00","$0.00","$27.00","$0.00","$0.00","$0.00","$0.00","$0.00","$0.00","$0.00","$0.00","$0.00","$0.00","$0.00","$0.00","$0.00","$0.00","$0.00","$0.00","$0.00","$0.00","$337.11"
"58817450","Megan M.","#1 Bronco Sport CSD5744 (WA #CSD5744)","Ford Bronco Sport 2024","3090505","3FMCR9B67RRF51219","2026-08-05 11:00 AM","2026-08-08 07:00 PM","17801 International Boulevard, Seattle, WA 98158","17801 International Boulevard, Seattle, WA 98158","Booked","","","","4","$369.00","$0.00","- $18.45","$0.00","$0.00","$0.00","$0.00","$0.00","$0.00","- $35.06","$0.00","$0.00","$27.00","$0.00","$0.00","$0.00","$0.00","$0.00","$0.00","$0.00","$0.00","$0.00","$0.00","$0.00","$0.00","$0.00","$0.00","$0.00","$0.00","$0.00","$0.00","$342.49"
"58843125","Shawn F.","#15 Stelvio CW7180 (WA #CW7180)","Alfa Romeo Stelvio 2022","3599626","ZASPAKAN4N7D37133","2026-07-28 10:00 AM","2026-08-04 04:00 AM","17801 International Boulevard, Seattle, WA 98158","17801 International Boulevard, Seattle, WA 98158","Booked","","","","7","$550.05","$0.00","$0.00","- $82.51","$0.00","$0.00","$0.00","$0.00","$0.00","$0.00","$0.00","$0.00","$27.00","$0.00","$0.00","$0.00","$0.00","$0.00","$0.00","$0.00","$0.00","$0.00","$0.00","$0.00","$0.00","$0.00","$0.00","$0.00","$0.00","$0.00","$0.00","$494.54"
"58872162","Matthew S.","#3 CR-V CSJ1646 (WA #CSJ1646)","Honda CR-V 2025","3148718","2HKRS4H21SH443987","2026-07-17 08:30 AM","2026-07-20 08:30 AM","17801 International Boulevard, Seattle, WA 98158","17801 International Boulevard, Seattle, WA 98158","Guest cancellation","","","","3","$0.00","$0.00","$0.00","$0.00","$0.00","$0.00","$0.00","$0.00","$0.00","$0.00","$0.00","$0.00","$0.00","$0.00","$0.00","$0.00","$0.00","$0.00","$0.00","$0.00","$0.00","$0.00","$0.00","$0.00","$0.00","$0.00","$0.00","$0.00","$0.00","$0.00","$0.00","$0.00"
"58893956","Hannah D.","#11 Outback CMV2996 (WA #CMV2996)","Subaru Outback 2024","3092194","4S4BTACC7R3286674","2026-08-08 09:00 PM","2026-08-14 06:00 AM","17801 International Boulevard, Seattle, WA 98158","17801 International Boulevard, Seattle, WA 98158","Booked","","","","6","$452.00","$0.00","- $22.60","$0.00","$0.00","$0.00","$0.00","$0.00","$0.00","$0.00","$0.00","$0.00","$27.00","$0.00","$0.00","$0.00","$0.00","$0.00","$0.00","$0.00","$0.00","$0.00","$0.00","$0.00","$0.00","$0.00","$0.00","$0.00","$0.00","$0.00","$0.00","$456.40"
"58900385","Amy B.","#3 CR-V CSJ1646 (WA #CSJ1646)","Honda CR-V 2025","3148718","2HKRS4H21SH443987","2026-07-12 11:00 AM","2026-07-17 07:00 PM","17801 International Boulevard, Seattle, WA 98158","17801 International Boulevard, Seattle, WA 98158","Booked","","","","6","$400.50","$0.00","- $20.02","$0.00","$0.00","$0.00","$0.00","$0.00","$0.00","- $38.05","$0.00","$0.00","$27.00","$0.00","$0.00","$0.00","$0.00","$0.00","$0.00","$0.00","$0.00","$0.00","$0.00","$0.00","$0.00","$0.00","$0.00","$0.00","$0.00","$0.00","$0.00","$369.43"
"58911839","Robert Q.","#12 Ford Bronco Sport SWA7154 (WA #CWA7154)","Ford Bronco Sport 2025","3549192","3FMCR9BN7SRF76361","2026-07-03 08:30 AM","2026-07-04 11:00 PM","707 South Grady Way, Renton, WA 98057","707 South Grady Way, Renton, WA 98057","In-progress","13127","","","2","$179.35","$0.00","$0.00","$0.00","$0.00","$0.00","$0.00","$0.00","$0.00","$0.00","$0.00","$0.00","$0.00","$0.00","$0.00","$0.00","$0.00","$0.00","$0.00","$0.00","$0.00","$0.00","$0.00","$0.00","$0.00","$0.00","$0.00","$0.00","$0.00","$0.00","$0.00","$179.35"
"58944313","Christian S.","#7 CX-30 (WA #CVU0759)","Mazda CX-30 2026","3587146","3MVDMBAL4TM116716","2026-07-23 10:00 AM","2026-07-26 06:30 PM","17801 International Boulevard, Seattle, WA 98158","17801 International Boulevard, Seattle, WA 98158","Booked","","","","4","$297.35","$0.00","- $14.87","$0.00","$0.00","$0.00","$0.00","$0.00","$0.00","- $28.25","$0.00","$0.00","$27.00","$0.00","$0.00","$0.00","$0.00","$0.00","$0.00","$0.00","$0.00","$0.00","$0.00","$0.00","$0.00","$0.00","$0.00","$0.00","$0.00","$0.00","$0.00","$281.23"
"58963002","Anthony N.","#3 CR-V CSJ1646 (WA #CSJ1646)","Honda CR-V 2025","3148718","2HKRS4H21SH443987","2026-08-09 05:00 PM","2026-08-15 07:00 AM","17801 International Boulevard, Seattle, WA 98158","17801 International Boulevard, Seattle, WA 98158","Booked","","","","6","$467.00","$0.00","- $23.35","$0.00","$0.00","$0.00","$0.00","$0.00","$0.00","- $44.36","$0.00","$0.00","$27.00","$0.00","$0.00","$0.00","$0.00","$0.00","$0.00","$0.00","$0.00","$0.00","$0.00","$0.00","$0.00","$0.00","$0.00","$0.00","$0.00","$0.00","$0.00","$426.29"
"58971306","Jonathan M.","#7 CX-30 (WA #CVU0759)","Mazda CX-30 2026","3587146","3MVDMBAL4TM116716","2026-09-03 01:30 PM","2026-09-12 04:00 PM","17801 International Boulevard, Seattle, WA 98158","17801 International Boulevard, Seattle, WA 98158","Booked","","","","10","$666.00","$0.00","$0.00","- $99.90","$0.00","$0.00","$0.00","$0.00","$0.00","$0.00","$0.00","$0.00","$27.00","$0.00","$0.00","$0.00","$0.00","$0.00","$0.00","$0.00","$0.00","$0.00","$0.00","$0.00","$0.00","$0.00","$0.00","$0.00","$0.00","$0.00","$0.00","$593.10"
